Content,Date,Language,Location,Likes,Retweets,Reply,Author,Description,Statuses,Favorites,Friends,Followers,Listed,Verified,Longitude,Latitude,Author
Two Bye Hello Two Message Hello,1919517426,NL,US,9558,1501,3065,meneertje3065,DESCRIPTHello Twat Twit Twit Hello TwitDESCRIPT,614211,357017,8265,8605481,18,FALSE,,,@meneertje3065
Hello Two Message Message Two Two,1919513419,NL,BE,8741,8077,4284,meneertje4284,DESCRIPTHello Message Twit Two Twit TwatDESCRIPT,88108,419045,8562,7897678,18,FALSE,,,@meneertje4284
Twat Hello Two Message Bye Two,1919518029,NL,BE,8269,9617,2150,meneertje2150,DESCRIPTTwit Twat Hello Hello Twat ByeDESCRIPT,838452,218269,5495,8737767,1,FALSE,,,@meneertje2150
Twat Bye Twit Twit Twat Two,1919520057,EN,US,4054,2147,6018,meneertje6018,DESCRIPTBye Message Twit Hello Twat TwatDESCRIPT,969123,996695,1392,2147775,8,TRUE,,,@meneertje6018
Hello Twit Twit Hello Hello Two,1919516433,TR,DL,5661,5315,3654,meneertje3654,DESCRIPTTwat Hello Hello Twat Twat HelloDESCRIPT,922876,778934,649,4970813,10,TRUE,,,@meneertje3654
Twit Message Twat Twit Twit Twit,1919513541,TR,DL,2085,6235,7586,meneertje7586,DESCRIPTTwo Message Twat Bye Bye TwitDESCRIPT,804339,384067,3262,6290377,15,FALSE,,,@meneertje7586
Bye Message Two Twit Twat Twit,1919512837,TR,BE,2779,4285,6141,meneertje6141,DESCRIPTTwat Message Bye Twat Twat TwatDESCRIPT,409407,424018,861,2519749,11,FALSE,,,@meneertje6141
Twit Message Twit Two Two Bye,1919517586,EN,DL,6552,7808,2909,meneertje2909,DESCRIPTTwo Two Bye Hello Hello TwitDESCRIPT,868886,512419,1081,56323,14,TRUE,,,@meneertje2909
Bye Hello Twit Twit Bye Twat,1919516421,EN,US,9236,6750,6109,meneertje6109,DESCRIPTTwo Twat Twat Two Bye ByeDESCRIPT,310723,52997,7331,3208968,2,FALSE,,,@meneertje6109
Twat Message Message Hello Bye Hello,1919511727,EN,US,8285,4670,3321,meneertje3321,DESCRIPTTwo Hello Hello Twit Bye HelloDESCRIPT,982861,257097,3773,1884767,17,TRUE,,,@meneertje3321
Message Twat Bye Twit Message Bye,1919518380,EN,BE,4022,7527,536,meneertje536,DESCRIPTMessage Twat Two Two Hello TwitDESCRIPT,85957,807311,924,9118698,1,FALSE,,,@meneertje536
Hello Twat Twit Hello Message Message,1919518902,EN,US,9847,8331,3702,meneertje3702,DESCRIPTTwit Two Hello Two Two TwitDESCRIPT,516906,257445,2803,1313742,4,FALSE,,,@meneertje3702
Twit Twat Bye Message Bye Twit,1919515041,NL,DL,4783,5377,9961,meneertje9961,DESCRIPTTwo Twit Twit Message Two TwatDESCRIPT,272713,722787,1012,9797889,9,TRUE,,,@meneertje9961
Message Message Two Bye Hello Twat,1919513902,TR,US,8240,5676,8457,meneertje8457,DESCRIPTHello Bye Hello Twit Message TwatDESCRIPT,289224,357325,9222,9753588,9,FALSE,,,@meneertje8457
Bye Twit Message Two Two Message,1919519194,EN,BE,4830,8184,247,meneertje247,DESCRIPTMessage Bye Two Twit Two HelloDESCRIPT,680271,987615,6111,320888,6,TRUE,,,@meneertje247
Bye Twit Twat Hello Twit Hello,1919516616,EN,BE,122,3344,6329,meneertje6329,DESCRIPTTwo Bye Hello Twat Two TwatDESCRIPT,928033,832017,795,8224544,1,FALSE,,,@meneertje6329
Twat Hello Twit Hello Twit Hello,1919518190,NL,BE,1163,1569,7573,meneertje7573,DESCRIPTTwo Bye Two Twat Twat TwatDESCRIPT,504701,430132,7202,4915466,10,FALSE,,,@meneertje7573
Twit Twit Twit Two Twit Two,1919519741,NL,BE,7817,3731,2913,meneertje2913,DESCRIPTHello Twit Twat Twat Hello MessageDESCRIPT,38787,295857,1368,7587618,2,TRUE,,,@meneertje2913
Message Twit Twit Twat Hello Twat,1919511102,NL,DL,2888,5958,4263,meneertje4263,DESCRIPTHello Two Message Bye Twit MessageDESCRIPT,361545,176752,6581,7179140,18,TRUE,,,@meneertje4263
Hello Twit Twit Bye Two Twit,1919511133,EN,DL,2734,1530,4177,meneertje4177,DESCRIPTMessage Bye Bye Twit Hello TwoDESCRIPT,442996,742094,3479,8576526,11,FALSE,,,@meneertje4177
Message Twit Twit Two Bye Message,1919520260,TR,DL,7191,492,6507,meneertje6507,DESCRIPTBye Bye Twit Hello Twat MessageDESCRIPT,534510,389453,8914,9931930,15,FALSE,,,@meneertje6507
Hello Two Bye Bye Bye Two,1919519702,EN,DL,418,9711,1154,meneertje1154,DESCRIPTTwit Twat Two Hello Twat TwitDESCRIPT,864456,237524,4884,7226408,2,FALSE,,,@meneertje1154
Message Twat Twit Bye Hello Twit,1919517815,TR,BE,9904,2960,3147,meneertje3147,DESCRIPTTwit Twat Twit Message Twat TwitDESCRIPT,119875,712748,635,908622,17,TRUE,,,@meneertje3147
Message Hello Bye Hello Twat Two,1919513398,NL,US,6175,829,6195,meneertje6195,DESCRIPTTwo Two Twat Twit Twit TwoDESCRIPT,543680,137041,114,3379007,10,FALSE,,,@meneertje6195
Bye Hello Twit Hello Message Two,1919514287,EN,US,5379,8904,1012,meneertje1012,DESCRIPTBye Message Two Twit Bye TwatDESCRIPT,578141,526370,5901,1336271,2,FALSE,,,@meneertje1012
Two Twat Hello Message Message Two,1919518661,TR,US,6157,2152,9301,meneertje9301,DESCRIPTMessage Twat Message Bye Twat HelloDESCRIPT,998762,259152,7331,129461,19,TRUE,,,@meneertje9301
Twat Message Message Bye Twit Twit,1919520028,NL,BE,6491,2926,2244,meneertje2244,DESCRIPTMessage Twit Bye Bye Twat MessageDESCRIPT,354897,169975,581,1503956,6,FALSE,,,@meneertje2244
Message Bye Bye Bye Message Twit,1919514511,NL,DL,7388,2626,5800,meneertje5800,DESCRIPTBye Hello Twat Message Twit ByeDESCRIPT,417161,509229,6544,3383398,11,FALSE,,,@meneertje5800
Message Message Twat Twat Bye Hello,1919515505,EN,US,8007,6335,3539,meneertje3539,DESCRIPTTwit Two Bye Two Hello ByeDESCRIPT,528567,6980,9257,1714810,4,TRUE,,,@meneertje3539
Hello Hello Hello Two Two Two,1919518379,NL,DL,6199,1072,950,meneertje950,DESCRIPTBye Two Hello Two Twat ByeDESCRIPT,180381,431415,9123,5413818,18,FALSE,,,@meneertje950
Twat Message Twit Twat Bye Twit,1919512076,TR,DL,7586,364,3977,meneertje3977,DESCRIPTMessage Hello Message Two Twit MessageDESCRIPT,597010,313770,6758,998319,10,FALSE,,,@meneertje3977
Hello Two Twit Twit Bye Message,1919517892,TR,BE,3100,4707,7933,meneertje7933,DESCRIPTHello Two Message Message Twat HelloDESCRIPT,391771,326910,754,6395279,9,TRUE,,,@meneertje7933
Hello Hello Twat Twat Hello Two,1919518546,NL,BE,4210,8675,3954,meneertje3954,DESCRIPTBye Message Hello Two Message HelloDESCRIPT,374477,111147,9535,5969206,2,FALSE,,,@meneertje3954
Message Bye Bye Two Two Bye,1919513194,EN,DL,6213,6314,6582,meneertje6582,DESCRIPTBye Twat Hello Message Bye MessageDESCRIPT,430329,323485,6931,6917460,10,TRUE,,,@meneertje6582
Bye Message Two Hello Message Message,1919517152,NL,US,9916,7516,6197,meneertje6197,DESCRIPTTwo Twat Two Hello Message ByeDESCRIPT,846453,243243,7806,7292375,7,FALSE,,,@meneertje6197
Bye Two Bye Message Message Bye,1919515541,TR,US,2694,7420,2486,meneertje2486,DESCRIPTTwat Hello Two Two Hello TwitDESCRIPT,612738,695472,3243,4606853,2,FALSE,,,@meneertje2486
Twat Two Twit Two Message Bye,1919515902,TR,US,2547,5951,7518,meneertje7518,DESCRIPTTwat Twit Twat Two Twit TwoDESCRIPT,847777,866869,9083,2377182,16,FALSE,,,@meneertje7518
Two Twit Two Two Two Bye,1919510600,NL,DL,9190,9390,773,meneertje773,DESCRIPTBye Hello Twat Hello Twat ByeDESCRIPT,977527,450767,8333,3786982,13,FALSE,,,@meneertje773
Message Hello Twat Twit Bye Twat,1919520414,TR,BE,4008,2482,56,meneertje56,DESCRIPTTwit Twat Twit Twit Twit ByeDESCRIPT,827663,903320,120,2293551,7,FALSE,,,@meneertje56
Hello Two Two Bye Twat Twit,1919513053,TR,DL,1393,2299,1245,meneertje1245,DESCRIPTTwo Message Hello Twat Twat HelloDESCRIPT,764828,457988,2073,7581318,14,FALSE,,,@meneertje1245
Two Twat Hello Twat Twit Message,1919515731,TR,DL,7332,1993,7332,meneertje7332,DESCRIPTMessage Two Hello Twat Message TwoDESCRIPT,781124,442626,5721,2874108,13,FALSE,,,@meneertje7332
Twat Twit Twat Hello Twit Twat,1919514755,EN,BE,5917,4715,8178,meneertje8178,DESCRIPTTwo Twit Twat Twit Two ByeDESCRIPT,697298,885135,5169,5790623,16,FALSE,,,@meneertje8178
Hello Hello Hello Hello Twat Bye,1919514827,EN,BE,6256,1769,6636,meneertje6636,DESCRIPTBye Twit Message Twat Hello TwatDESCRIPT,428830,254482,3598,2087037,19,FALSE,,,@meneertje6636
Bye Twit Twat Bye Twit Two,1919511768,TR,US,150,9851,1535,meneertje1535,DESCRIPTMessage Twit Message Message Two TwatDESCRIPT,486967,976027,5985,7009069,13,TRUE,,,@meneertje1535
Hello Twit Two Twat Message Two,1919519369,EN,DL,7808,9634,6555,meneertje6555,DESCRIPTTwat Bye Two Message Hello TwatDESCRIPT,173555,364570,6373,9692622,20,FALSE,,,@meneertje6555
Twat Twat Bye Two Message Bye,1919519589,TR,BE,3866,2824,7723,meneertje7723,DESCRIPTHello Twit Bye Hello Bye TwatDESCRIPT,830596,940269,6236,359273,12,FALSE,,,@meneertje7723
Two Twit Two Hello Message Two,1919513998,TR,DL,1666,715,8710,meneertje8710,DESCRIPTTwit Twat Twat Message Hello HelloDESCRIPT,200933,321850,9656,470870,12,FALSE,,,@meneertje8710
Two Bye Two Hello Twat Twat,1919512459,NL,BE,8513,1831,6679,meneertje6679,DESCRIPTHello Twat Twit Twat Two HelloDESCRIPT,675991,220164,673,3982519,5,TRUE,,,@meneertje6679
Twit Bye Hello Message Twat Bye,1919515089,TR,BE,8178,9881,1913,meneertje1913,DESCRIPTBye Hello Bye Bye Bye ByeDESCRIPT,321593,770134,3919,5468353,8,TRUE,,,@meneertje1913
Twat Message Twit Twit Two Message,1919515807,TR,BE,5916,7457,5031,meneertje5031,DESCRIPTTwat Twit Twit Twat Twit TwatDESCRIPT,84960,457014,6678,3486035,3,FALSE,,,@meneertje5031
Twat Twat Twat Twit Twat Bye,1919512210,NL,BE,8211,1928,1472,meneertje1472,DESCRIPTMessage Hello Hello Twit Message TwitDESCRIPT,384494,182776,2160,7344114,12,FALSE,,,@meneertje1472
Two Hello Two Twat Hello Twit,1919512008,TR,BE,1173,2883,569,meneertje569,DESCRIPTMessage Twat Hello Twit Twit MessageDESCRIPT,206462,474341,4963,4389113,11,TRUE,,,@meneertje569
Hello Twat Message Twat Twat Two,1919519318,NL,DL,4893,3431,1935,meneertje1935,DESCRIPTTwo Bye Message Bye Message TwoDESCRIPT,458445,369982,4927,7649311,20,FALSE,,,@meneertje1935
Hello Bye Two Message Two Two,1919518440,TR,BE,599,8552,7012,meneertje7012,DESCRIPTTwit Hello Bye Message Twat TwitDESCRIPT,756283,69025,9219,1601222,5,FALSE,,,@meneertje7012
Bye Twat Hello Twat Message Message,1919514285,EN,DL,472,4147,5698,meneertje5698,DESCRIPTTwit Message Bye Message Message TwitDESCRIPT,471662,897061,1181,9143379,5,FALSE,,,@meneertje5698
Twit Two Two Bye Message Hello,1919516635,TR,US,848,5061,7985,meneertje7985,DESCRIPTHello Twit Bye Message Hello MessageDESCRIPT,771706,6723,899,7847561,16,FALSE,,,@meneertje7985
Bye Message Twit Message Message Bye,1919517383,EN,BE,3016,1267,2819,meneertje2819,DESCRIPTMessage Twat Message Bye Message TwoDESCRIPT,823151,546085,9407,1688560,19,TRUE,,,@meneertje2819
Two Twit Two Twat Bye Bye,1919516891,EN,DL,2869,357,1239,meneertje1239,DESCRIPTTwo Message Message Hello Bye HelloDESCRIPT,910597,812313,1182,2457988,11,FALSE,,,@meneertje1239
Twat Two Hello Twat Hello Twit,1919518780,TR,DL,1988,105,8545,meneertje8545,DESCRIPTTwat Twat Twit Two Twit TwoDESCRIPT,100733,82709,1508,9455279,9,FALSE,,,@meneertje8545
Twat Message Hello Hello Message Twit,1919519494,TR,US,532,2159,1340,meneertje1340,DESCRIPTTwo Bye Hello Twat Twit TwoDESCRIPT,202609,858871,9442,2987397,11,FALSE,,,@meneertje1340
Twat Twat Hello Twat Bye Bye,1919516746,EN,US,6229,5991,7234,meneertje7234,DESCRIPTTwo Two Message Bye Twat TwoDESCRIPT,773048,249084,3304,7192130,8,FALSE,,,@meneertje7234
Two Twit Two Twit Message Twat,1919513657,EN,US,149,1199,2946,meneertje2946,DESCRIPTHello Bye Two Two Twit MessageDESCRIPT,933273,255561,5055,1199771,7,FALSE,,,@meneertje2946
Twit Two Twat Message Bye Twat,1919520169,EN,US,528,2112,5834,meneertje5834,DESCRIPTHello Hello Twat Twat Twit TwitDESCRIPT,698976,179005,6434,4241638,5,FALSE,,,@meneertje5834
Message Message Two Two Twit Bye,1919518409,NL,US,3304,3052,3031,meneertje3031,DESCRIPTMessage Twat Twat Two Twat TwoDESCRIPT,898329,961968,7051,2916985,11,FALSE,,,@meneertje3031
Hello Two Two Twit Hello Twat,1919515859,EN,US,2730,6833,6508,meneertje6508,DESCRIPTTwat Twat Message Bye Bye TwatDESCRIPT,155732,596762,967,6781136,20,FALSE,,,@meneertje6508
Hello Bye Twit Two Message Twat,1919517897,NL,DL,8849,2635,3164,meneertje3164,DESCRIPTHello Hello Two Hello Twat TwoDESCRIPT,101349,641652,7350,1732499,2,TRUE,,,@meneertje3164
Twat Bye Two Twat Twat Twit,1919517782,TR,BE,9801,5618,250,meneertje250,DESCRIPTMessage Hello Two Twat Twit MessageDESCRIPT,381578,3955,6317,5204462,20,FALSE,,,@meneertje250
Two Two Two Twat Twit Bye,1919519717,TR,BE,1510,8559,6282,meneertje6282,DESCRIPTBye Hello Bye Twat Message TwitDESCRIPT,246784,43513,988,5724982,3,TRUE,,,@meneertje6282
Twit Twat Twat Twat Hello Twit,1919516182,EN,DL,1339,9013,3671,meneertje3671,DESCRIPTHello Message Bye Twat Twat MessageDESCRIPT,819119,152879,3968,8860872,15,FALSE,,,@meneertje3671
Two Bye Twit Bye Two Twit,1919520048,NL,US,1443,1321,1664,meneertje1664,DESCRIPTTwat Bye Twat Message Two TwatDESCRIPT,286528,32093,28,8694166,1,FALSE,,,@meneertje1664
Twit Twat Hello Hello Hello Twit,1919519201,NL,US,652,9611,2979,meneertje2979,DESCRIPTHello Message Hello Message Twat TwitDESCRIPT,341453,348482,5370,697988,5,FALSE,,,@meneertje2979
Bye Twat Two Message Message Twit,1919515119,EN,US,2670,2371,9361,meneertje9361,DESCRIPTTwit Bye Two Twit Two TwoDESCRIPT,791244,575733,3290,9564736,13,FALSE,,,@meneertje9361
Twat Message Message Twat Hello Message,1919519177,NL,DL,3623,6369,7599,meneertje7599,DESCRIPTTwat Twat Twit Twit Hello ByeDESCRIPT,712226,615855,5773,971992,9,FALSE,,,@meneertje7599
Twat Two Two Hello Hello Hello,1919514310,NL,US,283,4991,5158,meneertje5158,DESCRIPTTwat Message Hello Twat Message HelloDESCRIPT,363392,846558,5461,7923924,4,FALSE,,,@meneertje5158
Hello Two Hello Two Message Hello,1919512095,EN,BE,6947,7358,1788,meneertje1788,DESCRIPTMessage Twit Hello Bye Hello ByeDESCRIPT,261212,156756,974,111672,6,TRUE,,,@meneertje1788
Bye Message Bye Hello Bye Two,1919514038,EN,US,2608,4666,8600,meneertje8600,DESCRIPTTwit Twat Twit Twat Twat TwoDESCRIPT,63680,705776,9429,2076424,8,TRUE,,,@meneertje8600
Twat Message Twit Hello Hello Message,1919510521,TR,BE,4001,9384,3625,meneertje3625,DESCRIPTTwo Two Two Bye Two HelloDESCRIPT,104105,356169,4780,7776503,20,TRUE,,,@meneertje3625
Message Hello Twit Twat Two Bye,1919519089,NL,US,1624,2101,2256,meneertje2256,DESCRIPTTwat Two Twat Twat Hello ByeDESCRIPT,171123,74051,4662,1215875,15,FALSE,,,@meneertje2256
Twit Twit Hello Twit Twit Two,1919512932,NL,BE,1292,316,2143,meneertje2143,DESCRIPTBye Twit Bye Message Twat ByeDESCRIPT,226078,680905,7052,1377265,1,FALSE,,,@meneertje2143
Hello Message Twit Twit Twat Twit,1919520184,NL,BE,6826,6561,8788,meneertje8788,DESCRIPTMessage Two Bye Bye Hello ByeDESCRIPT,495132,105498,8057,181334,0,FALSE,,,@meneertje8788
Two Hello Bye Two Message Hello,1919510725,TR,US,7328,6344,2672,meneertje2672,DESCRIPTTwo Bye Message Hello Hello TwatDESCRIPT,418207,231816,9271,5068188,3,FALSE,,,@meneertje2672
Twit Bye Message Bye Twit Message,1919510558,EN,US,8724,5782,6713,meneertje6713,DESCRIPTBye Hello Hello Twat Twit TwatDESCRIPT,120678,799244,5877,4151946,12,TRUE,,,@meneertje6713
Twat Hello Twit Twat Two Message,1919515584,NL,BE,9405,7205,1281,meneertje1281,DESCRIPTHello Hello Twat Hello Bye HelloDESCRIPT,728039,135477,5830,2746939,9,FALSE,,,@meneertje1281
Bye Twat Twit Hello Bye Twat,1919511203,EN,BE,7804,4162,9953,meneertje9953,DESCRIPTHello Message Message Hello Hello ByeDESCRIPT,254370,427279,9685,641417,1,FALSE,,,@meneertje9953
Hello Twit Two Twat Hello Bye,1919511568,NL,US,4863,4764,43,meneertje43,DESCRIPTTwit Bye Message Bye Twit TwatDESCRIPT,974154,595934,8836,5029239,12,TRUE,,,@meneertje43
Hello Message Bye Two Hello Hello,1919517377,EN,US,2341,7774,4373,meneertje4373,DESCRIPTBye Hello Message Hello Bye ByeDESCRIPT,766637,957729,7791,6753585,8,FALSE,,,@meneertje4373
Twit Two Two Two Two Twat,1919514569,NL,DL,7769,3942,8039,meneertje8039,DESCRIPTMessage Twit Two Bye Bye ByeDESCRIPT,916877,813900,5008,3086174,17,FALSE,,,@meneertje8039
Two Twit Bye Twit Twat Twat,1919518086,TR,BE,4381,1918,904,meneertje904,DESCRIPTTwat Twit Hello Bye Hello TwatDESCRIPT,592680,429400,3208,6034556,17,FALSE,,,@meneertje904
Twit Twit Twat Twit Message Twat,1919520441,NL,DL,8219,3361,9622,meneertje9622,DESCRIPTHello Message Hello Twat Hello TwatDESCRIPT,742681,16163,8108,3502980,4,FALSE,,,@meneertje9622
Two Two Message Two Bye Twit,1919519188,EN,BE,7123,2205,5699,meneertje5699,DESCRIPTTwit Bye Hello Message Twit ByeDESCRIPT,433403,82347,5488,2450915,0,FALSE,,,@meneertje5699
Bye Two Hello Message Hello Bye,1919516298,EN,BE,6135,710,613,meneertje613,DESCRIPTMessage Bye Twat Hello Bye TwatDESCRIPT,501031,806846,6994,2483977,0,TRUE,,,@meneertje613
Two Two Message Bye Twit Twat,1919514051,TR,DL,8465,5908,9308,meneertje9308,DESCRIPTBye Twat Twit Hello Message TwitDESCRIPT,484220,831866,7023,5637565,7,FALSE,,,@meneertje9308
Bye Hello Twat Bye Twat Hello,1919514848,TR,DL,396,1800,1677,meneertje1677,DESCRIPTHello Twit Bye Twit Message TwitDESCRIPT,884861,676770,6094,2244423,0,FALSE,,,@meneertje1677
Hello Bye Two Twat Message Twit,1919518407,EN,DL,4404,2017,3770,meneertje3770,DESCRIPTBye Twit Twit Two Two TwatDESCRIPT,541757,678622,7014,2696596,17,TRUE,,,@meneertje3770
Hello Two Bye Message Bye Hello,1919514373,EN,DL,6570,2625,7415,meneertje7415,DESCRIPTHello Bye Two Twit Bye TwitDESCRIPT,951147,473847,5116,1201246,12,FALSE,,,@meneertje7415
Twit Message Twat Twat Twit Bye,1919520498,TR,BE,2458,2320,3122,meneertje3122,DESCRIPTBye Bye Twit Two Two TwatDESCRIPT,828033,190435,5541,5468744,0,FALSE,,,@meneertje3122
Twit Twit Bye Bye Bye Hello,1919516578,NL,BE,5980,4861,5840,meneertje5840,DESCRIPTMessage Bye Twit Message Twit TwatDESCRIPT,848873,494823,5460,3170165,6,FALSE,,,@meneertje5840
Bye Bye Bye Message Message Two,1919518494,EN,US,4511,6579,467,meneertje467,DESCRIPTTwat Message Bye Message Two TwoDESCRIPT,78855,337973,2059,6466309,0,FALSE,,,@meneertje467
Hello Bye Two Twit Bye Bye,1919520453,TR,US,9891,817,2071,meneertje2071,DESCRIPTMessage Bye Message Hello Message HelloDESCRIPT,4008,721760,7995,3143769,0,FALSE,,,@meneertje2071
Message Twit Twit Two Message Message,1919518769,NL,US,5198,5960,7237,meneertje7237,DESCRIPTTwat Twat Message Two Bye TwoDESCRIPT,648557,804031,6977,9139655,18,FALSE,,,@meneertje7237
Twit Hello Twit Twit Two Twit,1919516670,TR,DL,6254,3687,5558,meneertje5558,DESCRIPTTwat Two Two Two Twit MessageDESCRIPT,348265,731318,5183,530685,14,TRUE,,,@meneertje5558
Message Hello Hello Hello Twat Twit,1919512332,EN,DL,2386,3117,1127,meneertje1127,DESCRIPTBye Twat Twit Twat Hello TwatDESCRIPT,963154,536663,9019,5661585,12,FALSE,,,@meneertje1127
Twat Twit Twit Message Bye Message,1919515434,EN,US,7972,458,9796,meneertje9796,DESCRIPTHello Message Twit Bye Bye MessageDESCRIPT,188888,216809,2618,2060006,1,FALSE,,,@meneertje9796
Two Twat Message Two Twat Twat,1919518523,EN,DL,8293,9356,882,meneertje882,DESCRIPTTwo Twit Hello Message Hello ByeDESCRIPT,563318,448371,9038,9877510,1,FALSE,,,@meneertje882
Hello Twat Twat Bye Two Two,1919517350,NL,US,4472,1997,8961,meneertje8961,DESCRIPTHello Two Twit Two Bye MessageDESCRIPT,451041,795773,5372,9824411,1,FALSE,,,@meneertje8961
Twat Two Twit Two Bye Hello,1919518786,NL,US,5793,209,2553,meneertje2553,DESCRIPTHello Bye Two Twit Two HelloDESCRIPT,640224,392606,9870,5917005,3,FALSE,,,@meneertje2553
Twit Bye Hello Message Message Bye,1919511610,EN,BE,5237,3877,4117,meneertje4117,DESCRIPTTwat Twit Bye Twat Bye ByeDESCRIPT,8972,313766,8116,9647604,1,FALSE,,,@meneertje4117
Message Two Hello Twit Twit Two,1919511471,EN,US,7525,3478,7844,meneertje7844,DESCRIPTTwo Bye Message Message Twat MessageDESCRIPT,461450,478121,7132,811064,16,TRUE,,,@meneertje7844
Message Hello Hello Twat Twit Hello,1919517331,EN,DL,8894,3156,8548,meneertje8548,DESCRIPTTwit Message Bye Two Message MessageDESCRIPT,163956,654928,1532,8939046,1,FALSE,,,@meneertje8548
Bye Twat Message Message Twit Hello,1919517409,EN,US,347,842,2368,meneertje2368,DESCRIPTTwit Two Hello Twit Hello TwitDESCRIPT,677561,256561,8620,2912002,10,TRUE,,,@meneertje2368
Bye Two Hello Two Twit Twat,1919511812,TR,BE,2312,8464,2998,meneertje2998,DESCRIPTTwo Bye Two Bye Message TwoDESCRIPT,179766,388337,3331,3913934,7,TRUE,,,@meneertje2998
Two Twat Hello Twit Twat Message,1919511057,EN,DL,4136,9397,6409,meneertje6409,DESCRIPTBye Twat Hello Twit Twit MessageDESCRIPT,525246,119388,8702,3990887,14,FALSE,,,@meneertje6409
Twat Two Hello Message Hello Message,1919510979,NL,BE,3149,8304,7959,meneertje7959,DESCRIPTBye Bye Two Twat Hello MessageDESCRIPT,35533,232703,7702,3306561,11,FALSE,,,@meneertje7959
Hello Twit Two Twat Message Twat,1919511355,TR,BE,3334,9641,7119,meneertje7119,DESCRIPTTwit Twat Message Bye Twat TwoDESCRIPT,252042,306826,3960,7348581,4,TRUE,,,@meneertje7119
Bye Twat Bye Message Twit Hello,1919520413,EN,US,8682,9803,2057,meneertje2057,DESCRIPTTwo Hello Hello Twit Message TwoDESCRIPT,849736,505886,9011,1021948,4,TRUE,,,@meneertje2057
Twat Hello Message Hello Twit Twat,1919519269,EN,DL,7926,4148,1927,meneertje1927,DESCRIPTHello Bye Bye Message Twat ByeDESCRIPT,779469,731101,2868,4854251,5,FALSE,,,@meneertje1927
Twat Twat Hello Hello Bye Hello,1919512660,TR,US,5384,3632,1361,meneertje1361,DESCRIPTBye Message Hello Hello Bye ByeDESCRIPT,580380,304290,4525,6101763,18,FALSE,,,@meneertje1361
Bye Message Hello Twat Twit Two,1919519716,TR,US,9488,5192,4501,meneertje4501,DESCRIPTHello Twat Twit Twat Hello TwatDESCRIPT,147335,388434,3739,4056002,14,TRUE,,,@meneertje4501
Bye Twit Twit Message Twit Bye,1919512238,NL,DL,4172,2804,1755,meneertje1755,DESCRIPTTwat Twat Twit Message Two MessageDESCRIPT,114364,583778,3837,481871,10,TRUE,,,@meneertje1755
Twit Two Bye Message Two Twat,1919513671,EN,BE,17,3480,519,meneertje519,DESCRIPTTwit Two Bye Twit Message TwoDESCRIPT,737233,250066,6428,3151298,18,TRUE,,,@meneertje519
Hello Twat Twat Bye Twit Hello,1919519088,EN,US,9574,7791,5961,meneertje5961,DESCRIPTTwat Hello Bye Twat Hello MessageDESCRIPT,499948,56927,4689,4845853,10,FALSE,,,@meneertje5961
Twat Twit Twat Twit Message Bye,1919511823,TR,BE,6815,2226,563,meneertje563,DESCRIPTBye Hello Twit Twit Message TwoDESCRIPT,612858,56527,6329,8088313,2,FALSE,,,@meneertje563
Message Twat Bye Twit Twit Message,1919513737,NL,BE,2515,9196,9912,meneertje9912,DESCRIPTBye Message Twit Hello Hello MessageDESCRIPT,139636,258656,9650,3682645,8,FALSE,,,@meneertje9912
Twit Message Twat Twit Message Message,1919517198,NL,DL,4938,6738,4208,meneertje4208,DESCRIPTTwat Twit Two Twit Bye MessageDESCRIPT,908500,617018,8619,2093394,13,TRUE,,,@meneertje4208
Twit Bye Twat Two Message Bye,1919514886,TR,BE,3127,7949,3079,meneertje3079,DESCRIPTHello Twat Two Twat Bye TwatDESCRIPT,673790,900052,4692,6248539,3,FALSE,,,@meneertje3079
Hello Hello Twat Hello Message Message,1919517231,TR,BE,7485,9863,2218,meneertje2218,DESCRIPTBye Hello Two Message Twat TwatDESCRIPT,784241,800071,9429,9562037,15,TRUE,,,@meneertje2218
Two Bye Two Message Message Bye,1919519608,TR,US,5102,6627,6307,meneertje6307,DESCRIPTTwo Message Hello Message Hello TwatDESCRIPT,116630,999125,6065,1349345,14,FALSE,,,@meneertje6307
Hello Hello Two Twat Two Message,1919512060,TR,DL,7297,9262,2832,meneertje2832,DESCRIPTTwat Twit Hello Twit Message TwatDESCRIPT,311408,998119,9407,9624338,11,FALSE,,,@meneertje2832
Two Hello Two Message Twit Two,1919515203,TR,DL,3190,3009,2274,meneertje2274,DESCRIPTBye Twat Message Two Two TwoDESCRIPT,374186,185443,1959,5866003,19,FALSE,,,@meneertje2274
Twat Message Twit Two Twat Hello,1919511275,TR,US,5757,3936,4794,meneertje4794,DESCRIPTHello Twit Twat Twat Twat TwitDESCRIPT,739736,511021,9503,6773785,18,TRUE,,,@meneertje4794
Two Twat Hello Twat Two Twit,1919516388,TR,US,2198,2483,6095,meneertje6095,DESCRIPTBye Twit Bye Twat Twit MessageDESCRIPT,231388,111041,7859,6228613,3,FALSE,,,@meneertje6095
Message Bye Bye Twat Bye Hello,1919512920,NL,BE,6981,7023,7087,meneertje7087,DESCRIPTTwo Hello Twit Hello Two TwitDESCRIPT,318327,405568,8624,5555518,13,FALSE,,,@meneertje7087
Twit Bye Bye Twit Bye Message,1919512662,EN,US,4546,887,3053,meneertje3053,DESCRIPTBye Message Message Two Two ByeDESCRIPT,438906,789511,3694,9646447,1,FALSE,,,@meneertje3053
Message Twat Two Two Hello Two,1919516212,EN,BE,9564,7113,1659,meneertje1659,DESCRIPTMessage Bye Bye Hello Two TwoDESCRIPT,387604,674325,7947,9146723,13,FALSE,,,@meneertje1659
Bye Twat Hello Two Message Twit,1919513582,NL,BE,271,1782,7458,meneertje7458,DESCRIPTMessage Twit Twat Two Two MessageDESCRIPT,836545,674153,7141,9893903,9,FALSE,,,@meneertje7458
Bye Twat Twat Two Message Twat,1919514201,TR,DL,3887,3932,8632,meneertje8632,DESCRIPTMessage Message Twat Twat Hello TwitDESCRIPT,7047,281782,2742,5586470,16,FALSE,,,@meneertje8632
Bye Twat Two Message Bye Two,1919512221,NL,DL,331,6400,662,meneertje662,DESCRIPTMessage Twat Bye Twat Twat ByeDESCRIPT,947506,116596,4557,1466189,14,FALSE,,,@meneertje662
Hello Hello Message Hello Hello Twit,1919513653,NL,BE,1806,9638,2519,meneertje2519,DESCRIPTBye Hello Message Message Hello TwoDESCRIPT,124084,473366,8727,9192246,15,TRUE,,,@meneertje2519
Twit Twit Message Message Twat Twat,1919513311,EN,BE,5799,2602,896,meneertje896,DESCRIPTHello Bye Two Twat Twit TwoDESCRIPT,429498,502089,2740,1181794,16,FALSE,,,@meneertje896
Two Twit Bye Message Hello Twat,1919512822,NL,US,2562,858,7052,meneertje7052,DESCRIPTTwit Two Twit Bye Twat TwitDESCRIPT,594089,169776,6449,5286110,18,TRUE,,,@meneertje7052
Two Twat Twat Twat Message Two,1919512649,TR,BE,6633,2592,8080,meneertje8080,DESCRIPTTwo Bye Message Message Two ByeDESCRIPT,809108,107329,1343,8861961,17,FALSE,,,@meneertje8080
Hello Twit Bye Two Bye Twit,1919514735,TR,BE,920,1211,5702,meneertje5702,DESCRIPTTwit Twit Hello Two Hello TwatDESCRIPT,984876,142860,2452,6905148,19,FALSE,,,@meneertje5702
Two Message Message Twat Twat Bye,1919513884,EN,DL,9903,2715,2463,meneertje2463,DESCRIPTMessage Twit Bye Bye Bye MessageDESCRIPT,343790,84400,2249,464073,1,FALSE,,,@meneertje2463
Twat Bye Hello Message Bye Twit,1919512850,TR,BE,3724,771,462,meneertje462,DESCRIPTTwo Bye Message Two Twit ByeDESCRIPT,680439,371418,8928,6041019,17,FALSE,,,@meneertje462
Bye Message Twat Hello Two Hello,1919516180,EN,US,4378,6032,6556,meneertje6556,DESCRIPTMessage Bye Message Hello Message HelloDESCRIPT,332744,371395,7648,115214,7,TRUE,,,@meneertje6556
Message Twit Hello Twat Bye Twat,1919512670,TR,DL,6472,6243,3917,meneertje3917,DESCRIPTTwo Twat Two Message Two TwitDESCRIPT,163227,913351,9125,804792,9,FALSE,,,@meneertje3917
Message Bye Message Message Two Message,1919516532,TR,US,1794,5910,4785,meneertje4785,DESCRIPTHello Twit Twat Message Bye MessageDESCRIPT,348755,942531,3150,7601711,1,FALSE,,,@meneertje4785
Twit Two Bye Bye Two Twat,1919513718,TR,DL,8165,9985,1222,meneertje1222,DESCRIPTMessage Twat Hello Bye Two TwatDESCRIPT,474559,471259,3090,6891283,13,FALSE,,,@meneertje1222
Two Bye Two Twit Hello Twat,1919514610,TR,BE,6693,2930,3322,meneertje3322,DESCRIPTTwo Twit Hello Twit Twat HelloDESCRIPT,752341,924487,2910,8111368,5,TRUE,,,@meneertje3322
Hello Message Twat Twit Twit Hello,1919515210,TR,US,2949,3573,7336,meneertje7336,DESCRIPTTwat Message Message Hello Message TwoDESCRIPT,481230,281327,6721,5698153,0,FALSE,,,@meneertje7336
Hello Twat Twat Message Twat Two,1919517960,TR,BE,9794,7873,539,meneertje539,DESCRIPTMessage Twit Hello Message Twat HelloDESCRIPT,851487,594104,2585,9253444,7,FALSE,,,@meneertje539
Hello Hello Message Bye Bye Message,1919517784,TR,US,735,4665,4439,meneertje4439,DESCRIPTTwit Bye Bye Message Twat TwoDESCRIPT,303968,555655,1058,9522256,5,TRUE,,,@meneertje4439
Hello Two Two Message Hello Two,1919514031,NL,US,5138,898,1163,meneertje1163,DESCRIPTTwo Twat Hello Twat Twat ByeDESCRIPT,547570,890177,754,9045276,2,FALSE,,,@meneertje1163
Message Message Twat Bye Message Bye,1919519793,TR,US,195,6423,6907,meneertje6907,DESCRIPTBye Twat Bye Twat Twat TwoDESCRIPT,342150,971211,434,6998180,19,FALSE,,,@meneertje6907
Bye Twat Hello Twit Bye Message,1919512035,NL,DL,9229,149,6900,meneertje6900,DESCRIPTMessage Message Bye Twat Bye TwatDESCRIPT,186160,769284,4240,2963132,9,FALSE,,,@meneertje6900
Twit Twat Message Hello Twat Message,1919513775,NL,BE,6453,9351,5691,meneertje5691,DESCRIPTMessage Two Twit Twit Two ByeDESCRIPT,800499,190385,1860,2984239,15,TRUE,,,@meneertje5691
Hello Twit Message Bye Twat Twit,1919516680,NL,DL,5981,287,914,meneertje914,DESCRIPTTwit Hello Bye Twat Message TwatDESCRIPT,520608,535125,7136,3313374,14,TRUE,,,@meneertje914
Two Message Hello Twit Hello Message,1919516701,NL,DL,2892,465,795,meneertje795,DESCRIPTTwat Bye Two Hello Bye TwitDESCRIPT,109499,491156,2721,5147209,4,FALSE,,,@meneertje795
Bye Message Hello Message Message Twat,1919518218,NL,DL,4717,5859,2114,meneertje2114,DESCRIPTBye Hello Message Hello Two TwitDESCRIPT,317953,621973,845,7845344,6,FALSE,,,@meneertje2114
Two Bye Twit Message Twit Two,1919519746,EN,US,4901,4250,9948,meneertje9948,DESCRIPTBye Message Message Bye Bye HelloDESCRIPT,831539,792286,3371,2004120,5,FALSE,,,@meneertje9948
Two Twit Two Two Message Twit,1919518766,NL,BE,7943,231,9788,meneertje9788,DESCRIPTTwat Twit Twat Twat Hello TwoDESCRIPT,71880,94519,3422,3820080,6,FALSE,,,@meneertje9788
Twit Hello Twat Twat Bye Message,1919514482,NL,DL,8585,2496,4018,meneertje4018,DESCRIPTHello Twit Message Twat Hello ByeDESCRIPT,291235,747551,427,3693299,13,FALSE,,,@meneertje4018
Twat Twit Twit Twit Twat Twat,1919510559,NL,BE,4995,8587,4656,meneertje4656,DESCRIPTMessage Bye Twit Two Message MessageDESCRIPT,26242,729897,5681,732094,16,TRUE,,,@meneertje4656
Hello Two Hello Twat Hello Twit,1919520375,NL,BE,9985,5503,4616,meneertje4616,DESCRIPTTwo Bye Message Twat Twat TwoDESCRIPT,985047,43385,7348,7483855,0,FALSE,,,@meneertje4616
Twit Hello Twit Twit Twat Bye,1919515159,NL,BE,7782,4108,776,meneertje776,DESCRIPTTwat Twat Twat Twat Twit MessageDESCRIPT,438040,617632,3666,9040780,12,TRUE,,,@meneertje776
Twat Twat Twat Twat Twat Twit,1919512971,TR,US,1324,9456,1032,meneertje1032,DESCRIPTHello Twit Bye Twit Bye ByeDESCRIPT,313498,495245,5425,5545319,6,FALSE,,,@meneertje1032
Message Twat Twit Message Twit Twat,1919516843,EN,BE,3490,4726,3855,meneertje3855,DESCRIPTMessage Bye Twat Twat Message TwitDESCRIPT,46564,619749,1426,4759705,10,FALSE,,,@meneertje3855
Hello Twit Two Two Bye Message,1919516770,EN,BE,10,4810,3207,meneertje3207,DESCRIPTBye Twit Twit Hello Twat HelloDESCRIPT,9229,566150,566,3896059,17,FALSE,,,@meneertje3207
Twat Twat Twit Bye Two Bye,1919517128,EN,DL,8622,7799,7223,meneertje7223,DESCRIPTTwat Bye Hello Hello Twat MessageDESCRIPT,75364,535284,118,9833743,19,FALSE,,,@meneertje7223
Twat Twit Two Twit Two Bye,1919511662,EN,BE,3562,7685,7774,meneertje7774,DESCRIPTTwit Twit Bye Bye Two MessageDESCRIPT,256870,42447,560,5025194,9,FALSE,,,@meneertje7774
Twat Twat Twit Twat Twit Bye,1919516322,EN,US,1390,4661,5621,meneertje5621,DESCRIPTTwat Message Twat Twit Hello TwoDESCRIPT,500651,548413,4231,1546867,20,FALSE,,,@meneertje5621
Twit Twit Message Two Two Message,1919510884,NL,US,3895,2405,3215,meneertje3215,DESCRIPTHello Twit Hello Two Bye ByeDESCRIPT,252037,725452,2495,8235858,18,FALSE,,,@meneertje3215
Two Message Hello Hello Bye Two,1919519997,TR,BE,4336,2506,1188,meneertje1188,DESCRIPTTwo Twit Message Hello Two HelloDESCRIPT,582922,424022,6517,2683583,2,TRUE,,,@meneertje1188
Two Two Message Two Twat Twit,1919518621,EN,BE,1485,2894,2099,meneertje2099,DESCRIPTBye Two Twit Message Hello TwitDESCRIPT,873368,50917,2647,2827603,12,FALSE,,,@meneertje2099
Twit Hello Twit Twit Twit Twit,1919518879,EN,US,9249,9002,6775,meneertje6775,DESCRIPTTwit Twat Hello Twit Twat TwitDESCRIPT,67699,937517,1142,329371,16,FALSE,,,@meneertje6775
Hello Twit Twit Bye Hello Hello,1919519426,TR,BE,533,5406,2875,meneertje2875,DESCRIPTMessage Twit Twit Twit Twat TwoDESCRIPT,666226,130882,1722,7537725,5,FALSE,,,@meneertje2875
Hello Twat Bye Twat Bye Hello,1919511052,EN,BE,2023,2482,9135,meneertje9135,DESCRIPTBye Twit Message Bye Twat HelloDESCRIPT,323697,688049,5293,4983614,12,FALSE,,,@meneertje9135
Two Message Twit Twit Hello Two,1919517397,EN,US,4326,676,789,meneertje789,DESCRIPTBye Hello Two Message Two TwoDESCRIPT,572539,247578,9237,109705,15,FALSE,,,@meneertje789
Message Twat Message Twit Twit Twat,1919517752,EN,BE,2007,2831,3140,meneertje3140,DESCRIPTMessage Two Message Twit Twit TwoDESCRIPT,769653,667355,9852,3943844,2,FALSE,,,@meneertje3140
Two Message Twat Bye Twit Twit,1919517385,NL,BE,6918,6221,8664,meneertje8664,DESCRIPTBye Hello Hello Twit Two HelloDESCRIPT,531225,286302,1649,5755235,8,FALSE,,,@meneertje8664
Twit Twat Twat Twat Two Twat,1919516408,TR,DL,9554,8460,9819,meneertje9819,DESCRIPTTwat Bye Bye Twat Twit ByeDESCRIPT,740449,663454,7481,5021713,2,FALSE,,,@meneertje9819
Two Two Message Message Hello Twat,1919511060,EN,DL,8206,9290,3507,meneertje3507,DESCRIPTTwat Hello Bye Twat Two TwoDESCRIPT,559285,419891,7495,7203346,10,FALSE,,,@meneertje3507
Bye Bye Twit Two Two Two,1919514255,EN,BE,2226,4541,5607,meneertje5607,DESCRIPTBye Two Bye Hello Bye TwatDESCRIPT,226394,431310,440,2387118,4,FALSE,,,@meneertje5607
Bye Message Message Two Two Bye,1919512774,NL,US,3692,7511,4165,meneertje4165,DESCRIPTBye Twat Hello Message Two TwitDESCRIPT,945692,508343,6047,3807766,0,FALSE,,,@meneertje4165
Bye Twat Hello Twat Bye Two,1919515466,NL,US,5364,6351,2878,meneertje2878,DESCRIPTMessage Bye Bye Hello Twat HelloDESCRIPT,305239,505680,1020,3557820,13,TRUE,,,@meneertje2878
Hello Two Message Two Bye Two,1919513731,TR,DL,6519,984,7821,meneertje7821,DESCRIPTBye Bye Message Hello Hello ByeDESCRIPT,611351,298022,926,6370279,18,TRUE,,,@meneertje7821
Message Bye Two Message Bye Two,1919515566,NL,DL,4225,7222,7998,meneertje7998,DESCRIPTBye Message Twat Twit Twit TwoDESCRIPT,490390,187249,1126,2333005,16,FALSE,,,@meneertje7998
Message Twat Bye Twat Message Twit,1919519494,NL,US,6646,8644,6719,meneertje6719,DESCRIPTHello Twat Two Hello Two MessageDESCRIPT,682632,762985,4072,8701619,0,FALSE,,,@meneertje6719
Two Message Message Hello Twat Bye,1919518948,TR,DL,6722,2898,7700,meneertje7700,DESCRIPTMessage Twit Bye Bye Two MessageDESCRIPT,127256,438683,1477,1364013,19,TRUE,,,@meneertje7700
Hello Hello Hello Message Message Twit,1919512319,NL,US,5416,4583,5006,meneertje5006,DESCRIPTTwit Message Message Message Hello TwoDESCRIPT,882287,376153,1220,7483778,12,FALSE,,,@meneertje5006
Two Hello Twit Hello Hello Message,1919517568,EN,US,9388,1534,1609,meneertje1609,DESCRIPTHello Twit Message Hello Two HelloDESCRIPT,457716,660365,7052,2312082,2,FALSE,,,@meneertje1609
Twat Message Hello Twit Bye Twit,1919517667,TR,DL,5565,7027,4798,meneertje4798,DESCRIPTHello Message Twat Two Hello ByeDESCRIPT,352829,6254,5053,3062309,9,TRUE,,,@meneertje4798
Two Twat Message Twat Two Message,1919517256,TR,BE,6179,9240,7235,meneertje7235,DESCRIPTMessage Twat Two Twit Two TwoDESCRIPT,328432,71252,1089,237054,17,FALSE,,,@meneertje7235
Hello Bye Hello Two Twit Message,1919515409,NL,DL,8899,3436,3248,meneertje3248,DESCRIPTHello Message Bye Bye Two TwitDESCRIPT,661294,714042,5273,5267986,19,FALSE,,,@meneertje3248
Message Two Twit Message Twat Message,1919512915,NL,DL,6680,4475,5661,meneertje5661,DESCRIPTTwo Hello Message Hello Twat TwitDESCRIPT,127321,728279,9452,41054,1,FALSE,,,@meneertje5661
Bye Twat Bye Bye Hello Twit,1919517840,NL,DL,2821,2808,8888,meneertje8888,DESCRIPTHello Twit Message Twit Hello TwatDESCRIPT,595390,214188,8777,782938,0,TRUE,,,@meneertje8888
Two Twat Twit Bye Twit Twat,1919520416,EN,DL,315,6080,3122,meneertje3122,DESCRIPTBye Message Message Bye Two MessageDESCRIPT,967284,156706,3538,6284670,11,TRUE,,,@meneertje3122
Twat Bye Message Twit Message Twat,1919513784,NL,BE,3516,5949,5928,meneertje5928,DESCRIPTBye Twit Two Hello Bye TwitDESCRIPT,658965,391087,7480,8782143,9,FALSE,,,@meneertje5928
Hello Twit Two Hello Twit Twat,1919517050,TR,US,2011,4409,4849,meneertje4849,DESCRIPTHello Twit Twat Bye Two TwoDESCRIPT,628412,1745,53,445888,1,FALSE,,,@meneertje4849
Two Twat Bye Bye Twat Two,1919517421,NL,US,699,2284,9908,meneertje9908,DESCRIPTBye Twat Twat Bye Message TwatDESCRIPT,120614,384550,1313,6048830,15,FALSE,,,@meneertje9908
Two Message Hello Message Twit Two,1919514665,TR,US,9732,6339,451,meneertje451,DESCRIPTTwo Two Twat Hello Hello TwitDESCRIPT,313976,220893,7060,7959363,8,FALSE,,,@meneertje451
Hello Two Two Bye Hello Hello,1919511200,TR,DL,5303,6011,2911,meneertje2911,DESCRIPTTwo Hello Hello Hello Two TwoDESCRIPT,175672,9548,8409,2773222,6,FALSE,,,@meneertje2911
Bye Hello Message Twit Hello Message,1919515279,NL,US,7970,7576,7374,meneertje7374,DESCRIPTTwit Twit Message Hello Message ByeDESCRIPT,633283,799335,500,6347108,7,FALSE,,,@meneertje7374
Twit Twat Message Twit Message Hello,1919511478,TR,BE,8979,2858,6680,meneertje6680,DESCRIPTBye Bye Hello Two Twit MessageDESCRIPT,243651,236477,4233,88978,2,FALSE,,,@meneertje6680
Two Twit Hello Twit Message Hello,1919514110,EN,US,1429,2446,3644,meneertje3644,DESCRIPTHello Twat Twit Twit Hello TwatDESCRIPT,84963,309349,8924,5908711,12,FALSE,,,@meneertje3644
Bye Twat Two Message Twat Twat,1919517978,NL,DL,777,89,7760,meneertje7760,DESCRIPTMessage Message Hello Bye Twit MessageDESCRIPT,655267,525488,2665,957954,20,FALSE,,,@meneertje7760
Two Message Message Two Message Hello,1919520517,NL,DL,4214,7421,4015,meneertje4015,DESCRIPTBye Bye Bye Twat Twit TwitDESCRIPT,757550,319304,7355,5921442,1,FALSE,,,@meneertje4015
Twat Twit Two Bye Twit Twit,1919520305,EN,BE,3385,3968,3688,meneertje3688,DESCRIPTHello Two Hello Message Two HelloDESCRIPT,36968,976854,6953,7398427,14,FALSE,,,@meneertje3688
Message Twit Bye Message Hello Twit,1919517946,NL,US,3748,3523,5014,meneertje5014,DESCRIPTBye Two Bye Bye Twat HelloDESCRIPT,546781,71949,3826,3535380,7,FALSE,,,@meneertje5014
Twat Hello Two Message Bye Twat,1919515770,TR,DL,5485,7488,2066,meneertje2066,DESCRIPTTwat Twat Twat Two Two TwatDESCRIPT,853961,865252,3395,1835383,7,TRUE,,,@meneertje2066
Two Two Bye Twit Twat Bye,1919517081,EN,BE,3974,8810,7535,meneertje7535,DESCRIPTMessage Twit Twat Twit Bye MessageDESCRIPT,485690,94498,8621,8937834,19,TRUE,,,@meneertje7535
Twit Twit Hello Two Two Message,1919513353,EN,BE,8610,9894,1037,meneertje1037,DESCRIPTTwit Hello Bye Twit Twat HelloDESCRIPT,569591,429008,8484,5942603,2,TRUE,,,@meneertje1037
Hello Twat Twat Two Message Twit,1919517873,TR,US,7840,2399,7526,meneertje7526,DESCRIPTTwit Message Twat Bye Hello ByeDESCRIPT,118135,292924,6337,6942177,0,TRUE,,,@meneertje7526
Bye Twit Hello Two Twat Message,1919513749,NL,BE,695,7636,2091,meneertje2091,DESCRIPTMessage Message Message Hello Twit ByeDESCRIPT,167650,31269,9965,529481,15,TRUE,,,@meneertje2091
Message Twat Bye Two Message Two,1919519140,TR,US,886,4611,776,meneertje776,DESCRIPTTwit Bye Two Twat Twat TwitDESCRIPT,249479,666509,6385,5721238,12,FALSE,,,@meneertje776
Hello Twat Hello Two Message Twat,1919519998,TR,BE,3760,5804,2417,meneertje2417,DESCRIPTTwat Twat Message Bye Bye ByeDESCRIPT,602215,366436,652,7641216,8,TRUE,,,@meneertje2417
Hello Twat Hello Message Bye Message,1919520500,EN,BE,9356,482,4773,meneertje4773,DESCRIPTHello Hello Message Hello Message HelloDESCRIPT,164274,344849,2588,3219582,8,FALSE,,,@meneertje4773
Message Twat Bye Bye Bye Hello,1919517218,TR,BE,1503,114,1642,meneertje1642,DESCRIPTMessage Twit Message Twit Two MessageDESCRIPT,897726,189228,5196,1211434,12,FALSE,,,@meneertje1642
Bye Twat Twat Twit Hello Twit,1919512026,TR,BE,3756,2589,108,meneertje108,DESCRIPTTwit Message Message Message Twit HelloDESCRIPT,735873,55999,8853,2055122,7,TRUE,,,@meneertje108
Bye Two Message Bye Two Twat,1919510575,TR,DL,1876,8272,4210,meneertje4210,DESCRIPTHello Message Twat Two Two HelloDESCRIPT,702708,645903,4629,5472538,12,FALSE,,,@meneertje4210
Bye Two Twit Twit Message Hello,1919513015,NL,BE,9850,3242,5876,meneertje5876,DESCRIPTTwit Twat Twit Message Message ByeDESCRIPT,777361,434808,6293,3822534,17,TRUE,,,@meneertje5876
Twat Hello Hello Bye Bye Message,1919511759,NL,DL,4554,5003,4578,meneertje4578,DESCRIPTMessage Bye Bye Bye Hello ByeDESCRIPT,677175,83328,4873,4181607,11,FALSE,,,@meneertje4578
Two Bye Message Message Twat Twit,1919511576,EN,BE,9616,341,7894,meneertje7894,DESCRIPTTwat Twit Twat Message Twat TwoDESCRIPT,152539,577629,2910,3761239,15,FALSE,,,@meneertje7894
Twat Hello Hello Two Message Hello,1919512710,TR,DL,874,9820,9139,meneertje9139,DESCRIPTMessage Twit Two Bye Two MessageDESCRIPT,600623,295319,7726,1810698,6,TRUE,,,@meneertje9139
Twat Twat Twit Two Hello Bye,1919512532,TR,BE,4319,2649,2978,meneertje2978,DESCRIPTHello Message Bye Twat Twit HelloDESCRIPT,896134,727992,9786,1918407,6,FALSE,,,@meneertje2978
Bye Twat Twit Twat Twat Hello,1919511104,NL,BE,5052,2315,7608,meneertje7608,DESCRIPTTwo Bye Hello Message Two TwatDESCRIPT,194083,853388,8704,6970480,14,TRUE,,,@meneertje7608
Twit Twit Two Message Message Two,1919512201,EN,US,7633,3516,4126,meneertje4126,DESCRIPTTwo Two Two Message Message HelloDESCRIPT,82874,771148,8697,4668053,18,FALSE,,,@meneertje4126
Message Hello Hello Message Hello Hello,1919519599,NL,US,1298,7208,165,meneertje165,DESCRIPTTwat Twit Twit Bye Twit TwoDESCRIPT,255180,489950,8293,9561858,0,FALSE,,,@meneertje165
Bye Twit Twat Twat Bye Two,1919515962,TR,US,773,1191,7620,meneertje7620,DESCRIPTMessage Bye Two Two Hello MessageDESCRIPT,394222,201336,196,1152356,12,TRUE,,,@meneertje7620
Twat Bye Twit Message Hello Hello,1919517459,TR,DL,9857,236,6754,meneertje6754,DESCRIPTTwat Twit Message Message Twat MessageDESCRIPT,319613,607269,5216,4891072,13,FALSE,,,@meneertje6754
Hello Message Bye Twat Message Hello,1919511975,EN,BE,4949,9862,2531,meneertje2531,DESCRIPTTwit Twit Twit Two Hello TwitDESCRIPT,414870,678313,7632,4823867,17,FALSE,,,@meneertje2531
Message Twit Twat Two Hello Two,1919520371,NL,BE,6030,3433,8443,meneertje8443,DESCRIPTTwat Message Two Message Bye TwatDESCRIPT,804086,5953,1025,222474,9,FALSE,,,@meneertje8443
Message Message Twit Twat Message Twit,1919513995,EN,DL,9790,9066,1834,meneertje1834,DESCRIPTBye Bye Message Hello Hello ByeDESCRIPT,721932,935973,4465,3219956,3,FALSE,,,@meneertje1834
Two Bye Message Twit Message Hello,1919513811,NL,BE,6943,3570,6225,meneertje6225,DESCRIPTMessage Twit Twit Hello Twat TwatDESCRIPT,160861,615226,5749,2248113,0,TRUE,,,@meneertje6225
Two Hello Twat Bye Bye Hello,1919515924,NL,BE,6391,7302,9505,meneertje9505,DESCRIPTHello Twit Bye Message Bye ByeDESCRIPT,973917,530890,8443,941250,12,FALSE,,,@meneertje9505
Two Message Bye Hello Two Two,1919516987,TR,BE,3503,216,8083,meneertje8083,DESCRIPTTwat Hello Message Twit Message TwitDESCRIPT,753328,497054,2692,1516710,1,FALSE,,,@meneertje8083
Hello Two Two Twat Bye Two,1919514676,NL,DL,9806,2336,3785,meneertje3785,DESCRIPTTwat Twat Twit Hello Twit TwitDESCRIPT,809952,976602,9010,6942087,5,FALSE,,,@meneertje3785
Two Twat Two Twit Bye Bye,1919511556,EN,DL,4658,4748,4460,meneertje4460,DESCRIPTHello Twat Hello Twit Bye TwoDESCRIPT,345744,694330,3674,5970394,9,FALSE,,,@meneertje4460
Message Bye Two Two Twat Two,1919512807,NL,BE,5356,2355,4398,meneertje4398,DESCRIPTTwo Twat Message Bye Hello HelloDESCRIPT,570438,258982,9014,7935247,11,FALSE,,,@meneertje4398
Message Twat Twat Message Twit Twat,1919512353,EN,DL,3625,5922,7697,meneertje7697,DESCRIPTBye Hello Bye Twat Two HelloDESCRIPT,904931,316949,6775,9581021,15,FALSE,,,@meneertje7697
Two Twat Twit Twit Hello Twat,1919518353,EN,DL,4820,9631,6882,meneertje6882,DESCRIPTMessage Twat Bye Hello Hello ByeDESCRIPT,779681,792382,3836,7173070,17,FALSE,,,@meneertje6882
Twat Bye Twat Twit Message Two,1919519299,NL,US,3908,2522,8312,meneertje8312,DESCRIPTBye Twat Hello Twat Hello TwoDESCRIPT,371216,791597,3342,9295055,18,FALSE,,,@meneertje8312
Bye Two Twit Two Message Message,1919519551,TR,DL,4700,3548,5670,meneertje5670,DESCRIPTBye Twat Hello Twit Hello MessageDESCRIPT,660764,423674,9759,3604849,4,FALSE,,,@meneertje5670
Message Twit Two Twit Message Twit,1919517107,TR,US,6243,8871,6910,meneertje6910,DESCRIPTMessage Hello Twit Twit Hello MessageDESCRIPT,73314,273683,5177,3865739,6,TRUE,,,@meneertje6910
Twit Twat Hello Two Message Bye,1919517282,TR,BE,3329,9935,9987,meneertje9987,DESCRIPTMessage Twat Hello Bye Message HelloDESCRIPT,182730,262782,6456,6966079,8,TRUE,,,@meneertje9987
Two Twit Twit Message Message Bye,1919510840,NL,DL,7034,5080,3621,meneertje3621,DESCRIPTTwo Twat Hello Twit Message HelloDESCRIPT,143729,744326,2058,113396,15,TRUE,,,@meneertje3621
Bye Bye Twat Message Bye Bye,1919513312,NL,US,9906,2818,1915,meneertje1915,DESCRIPTHello Bye Message Message Two ByeDESCRIPT,269017,967426,6523,9117095,0,TRUE,,,@meneertje1915
Two Two Two Twit Twat Bye,1919520365,NL,US,443,2591,1600,meneertje1600,DESCRIPTMessage Twit Hello Two Twit ByeDESCRIPT,632256,107984,2212,4325011,14,FALSE,,,@meneertje1600
Bye Twit Message Twat Hello Two,1919512003,TR,US,8786,3468,2015,meneertje2015,DESCRIPTTwat Bye Twit Bye Twat TwatDESCRIPT,865370,242852,6366,8676131,14,FALSE,,,@meneertje2015
Twit Twat Bye Bye Twit Bye,1919511294,EN,BE,8920,2196,9893,meneertje9893,DESCRIPTTwat Twit Twat Twat Twat TwatDESCRIPT,456932,899725,1776,8616051,11,FALSE,,,@meneertje9893
Twit Hello Bye Twit Hello Bye,1919512243,NL,US,301,7461,4328,meneertje4328,DESCRIPTMessage Message Twit Hello Twit ByeDESCRIPT,294114,730126,9744,7936178,9,FALSE,,,@meneertje4328
Two Twit Two Twit Twit Message,1919518623,NL,BE,2418,5778,6109,meneertje6109,DESCRIPTTwat Twat Message Bye Twit TwatDESCRIPT,927410,460990,9073,1979299,16,FALSE,,,@meneertje6109
Message Bye Message Message Two Twat,1919518764,TR,BE,5816,8553,4364,meneertje4364,DESCRIPTHello Twat Twit Hello Twit ByeDESCRIPT,978365,928994,9174,2576235,2,TRUE,,,@meneertje4364
Bye Twit Twit Two Twit Bye,1919518246,NL,BE,2859,2281,9638,meneertje9638,DESCRIPTTwit Twit Twit Bye Bye TwitDESCRIPT,787370,680254,3468,2355292,7,FALSE,,,@meneertje9638
Twat Hello Twit Two Two Twat,1919517316,EN,US,1840,4069,4559,meneertje4559,DESCRIPTBye Message Twat Two Twat TwoDESCRIPT,695678,24602,1739,7183209,2,FALSE,,,@meneertje4559
Hello Twit Twit Twit Twit Twat,1919517646,TR,DL,671,5095,423,meneertje423,DESCRIPTMessage Bye Bye Twit Twit TwoDESCRIPT,458151,428546,6972,3233900,20,FALSE,,,@meneertje423
Bye Bye Twat Bye Hello Twit,1919514689,TR,DL,7586,9451,5067,meneertje5067,DESCRIPTTwat Hello Two Twat Twat TwitDESCRIPT,284829,463931,9859,8253559,9,FALSE,,,@meneertje5067
Twit Bye Hello Hello Two Hello,1919512477,NL,DL,4180,9360,4569,meneertje4569,DESCRIPTTwo Twit Message Hello Message TwoDESCRIPT,900816,393858,4659,9550870,11,TRUE,,,@meneertje4569
Two Hello Bye Twat Hello Two,1919512124,TR,BE,1682,9323,5968,meneertje5968,DESCRIPTMessage Twat Message Twit Bye ByeDESCRIPT,724621,159472,2513,7772024,18,FALSE,,,@meneertje5968
Twat Two Bye Twit Twat Twat,1919518539,NL,BE,9457,5852,3461,meneertje3461,DESCRIPTHello Bye Twit Message Bye HelloDESCRIPT,15601,519508,7607,1235275,20,FALSE,,,@meneertje3461
Twit Bye Hello Twat Two Twat,1919510594,TR,BE,1291,446,2518,meneertje2518,DESCRIPTBye Twat Two Two Bye MessageDESCRIPT,325277,720962,1144,8957626,10,FALSE,,,@meneertje2518
Twat Twit Twit Twat Bye Hello,1919512029,TR,BE,9502,1839,6903,meneertje6903,DESCRIPTTwit Bye Message Message Hello HelloDESCRIPT,405568,513608,5494,4603209,20,TRUE,,,@meneertje6903
Message Bye Message Message Bye Message,1919513559,EN,US,6910,9834,9819,meneertje9819,DESCRIPTBye Twit Bye Hello Message TwoDESCRIPT,153493,522256,3022,5280696,17,FALSE,,,@meneertje9819
Two Hello Twat Message Message Message,1919512888,NL,BE,2377,1199,8805,meneertje8805,DESCRIPTTwo Bye Hello Hello Message HelloDESCRIPT,279310,362874,7928,468136,7,FALSE,,,@meneertje8805
Twat Message Hello Twat Hello Bye,1919519106,NL,BE,51,9947,8891,meneertje8891,DESCRIPTHello Bye Twat Twit Twit TwoDESCRIPT,164395,625647,4572,4964783,13,FALSE,,,@meneertje8891
Twit Hello Twit Bye Two Bye,1919512799,TR,DL,2554,1225,5917,meneertje5917,DESCRIPTMessage Twat Message Two Twit TwatDESCRIPT,344395,94239,2197,7472210,15,FALSE,,,@meneertje5917
Twat Twat Hello Hello Message Twat,1919514385,TR,US,9981,8684,1098,meneertje1098,DESCRIPTMessage Twat Message Hello Bye HelloDESCRIPT,965901,110162,8596,2765539,3,FALSE,,,@meneertje1098
Message Bye Twit Bye Twit Twit,1919519215,EN,DL,8150,9486,6298,meneertje6298,DESCRIPTHello Hello Message Twit Bye TwitDESCRIPT,798528,36781,6658,5250492,12,FALSE,,,@meneertje6298
Bye Twat Twit Two Message Two,1919519615,NL,BE,4598,308,480,meneertje480,DESCRIPTTwat Message Hello Bye Twat MessageDESCRIPT,779768,637685,8405,1790620,19,TRUE,,,@meneertje480
Message Twit Twit Twit Twat Twit,1919515040,EN,US,354,970,8604,meneertje8604,DESCRIPTTwo Two Two Twit Two TwatDESCRIPT,185834,55449,3042,2323467,5,FALSE,,,@meneertje8604
Twit Two Twat Twit Twit Two,1919511216,EN,US,1893,4959,1246,meneertje1246,DESCRIPTTwat Bye Two Bye Two HelloDESCRIPT,790250,720428,2264,5789739,1,FALSE,,,@meneertje1246
Hello Two Twit Hello Bye Bye,1919512383,TR,BE,5875,2285,8616,meneertje8616,DESCRIPTMessage Bye Two Two Twit ByeDESCRIPT,827434,194526,945,521406,5,FALSE,,,@meneertje8616
Twit Bye Two Twit Message Hello,1919518877,EN,DL,2128,6678,5459,meneertje5459,DESCRIPTTwit Two Message Hello Bye TwatDESCRIPT,649615,116556,3651,2066296,1,FALSE,,,@meneertje5459
Twat Bye Bye Twat Twit Message,1919519794,NL,US,4135,8537,8342,meneertje8342,DESCRIPTTwo Message Hello Twit Hello TwitDESCRIPT,80825,745105,6760,1300618,12,TRUE,,,@meneertje8342
Two Two Twat Hello Hello Hello,1919511007,TR,US,9227,2922,1991,meneertje1991,DESCRIPTMessage Two Two Two Twat MessageDESCRIPT,297094,371011,4124,9475380,1,TRUE,,,@meneertje1991
Message Message Twat Twit Two Twit,1919514587,EN,DL,7340,5844,2877,meneertje2877,DESCRIPTBye Message Twat Twat Bye ByeDESCRIPT,616778,205048,8609,9097894,19,FALSE,,,@meneertje2877
Bye Hello Twat Message Twat Hello,1919518421,EN,BE,4590,5440,820,meneertje820,DESCRIPTTwo Twat Twit Hello Twit ByeDESCRIPT,512398,165151,724,2565391,13,FALSE,,,@meneertje820
Hello Twit Twit Twat Twat Bye,1919519697,EN,DL,4819,3691,6153,meneertje6153,DESCRIPTTwit Twat Bye Two Twat TwatDESCRIPT,82776,915412,5604,3894635,9,FALSE,,,@meneertje6153
Hello Twit Twit Hello Twat Twat,1919518422,NL,BE,2973,893,4185,meneertje4185,DESCRIPTBye Twat Twat Bye Two TwitDESCRIPT,163452,110385,1636,5291069,18,TRUE,,,@meneertje4185
Two Two Hello Twit Twit Two,1919517436,TR,DL,9612,600,2040,meneertje2040,DESCRIPTTwit Bye Two Twit Bye HelloDESCRIPT,672638,214177,8612,5676817,17,FALSE,,,@meneertje2040
Message Message Bye Message Bye Twit,1919512367,EN,DL,5047,8159,8250,meneertje8250,DESCRIPTTwat Twit Message Bye Message MessageDESCRIPT,562096,123566,3446,664965,11,FALSE,,,@meneertje8250
Hello Two Two Twat Two Two,1919518844,EN,BE,4017,4722,6600,meneertje6600,DESCRIPTHello Twat Twat Message Message HelloDESCRIPT,889454,817446,8380,4294835,11,FALSE,,,@meneertje6600
Hello Two Twat Twit Hello Bye,1919519211,TR,US,8707,3695,6505,meneertje6505,DESCRIPTMessage Hello Hello Message Twat TwoDESCRIPT,560548,955850,1194,4786642,13,TRUE,,,@meneertje6505
Message Two Message Twat Twit Message,1919517745,NL,BE,9367,4534,3146,meneertje3146,DESCRIPTMessage Hello Two Message Two TwitDESCRIPT,830883,901261,3701,5196108,13,TRUE,,,@meneertje3146
Twat Twat Two Hello Twit Two,1919513981,TR,DL,1044,3257,3511,meneertje3511,DESCRIPTMessage Message Bye Twat Twit MessageDESCRIPT,273502,371374,9880,7643974,17,TRUE,,,@meneertje3511
Twat Twit Bye Hello Bye Twit,1919515070,EN,BE,7663,6149,3896,meneertje3896,DESCRIPTTwit Twat Message Message Twat TwatDESCRIPT,266622,320732,95,2632803,6,FALSE,,,@meneertje3896
Two Two Two Two Twat Bye,1919517529,NL,DL,3508,7734,7623,meneertje7623,DESCRIPTTwo Message Twat Two Message ByeDESCRIPT,412134,304994,5111,9601642,18,TRUE,,,@meneertje7623
Two Twit Twat Twit Twat Two,1919513471,EN,DL,4158,1671,8585,meneertje8585,DESCRIPTTwo Bye Bye Two Bye TwitDESCRIPT,655898,120833,8635,4723863,10,FALSE,,,@meneertje8585
Two Two Bye Two Hello Twat,1919513747,TR,US,3252,8983,1773,meneertje1773,DESCRIPTTwat Twat Hello Twat Message TwoDESCRIPT,994956,638187,6317,8953691,10,TRUE,,,@meneertje1773
Twat Two Hello Twit Message Twit,1919513466,NL,US,9248,5465,4543,meneertje4543,DESCRIPTMessage Twat Bye Twit Twit MessageDESCRIPT,454233,506309,7755,4501251,12,FALSE,,,@meneertje4543
Hello Twat Twit Hello Twat Twat,1919513339,EN,BE,7532,8746,4209,meneertje4209,DESCRIPTTwit Twat Bye Hello Two MessageDESCRIPT,67646,121505,9207,5697017,3,FALSE,,,@meneertje4209
Two Bye Message Twit Message Two,1919516993,NL,DL,7932,1332,9949,meneertje9949,DESCRIPTMessage Message Bye Message Bye TwitDESCRIPT,552889,17347,3263,4282738,20,TRUE,,,@meneertje9949
Twat Hello Twit Hello Bye Twat,1919518604,NL,US,5356,2785,5177,meneertje5177,DESCRIPTHello Twat Message Hello Bye TwoDESCRIPT,20246,473231,113,860526,12,TRUE,,,@meneertje5177
Twit Bye Bye Two Twat Twit,1919511240,EN,BE,5812,1385,5952,meneertje5952,DESCRIPTTwo Two Twit Bye Hello TwitDESCRIPT,30606,343810,8334,8589101,10,FALSE,,,@meneertje5952
Twat Message Two Message Twat Message,1919516383,TR,DL,5428,2420,7059,meneertje7059,DESCRIPTTwit Twat Message Hello Twat MessageDESCRIPT,722622,573660,4516,5855697,18,FALSE,,,@meneertje7059
Hello Twat Two Two Hello Two,1919513882,TR,BE,9250,2913,4469,meneertje4469,DESCRIPTTwo Bye Two Twat Bye TwatDESCRIPT,325899,466861,8607,3072884,14,TRUE,,,@meneertje4469
Twat Message Twit Message Bye Twat,1919517863,NL,DL,9031,2415,391,meneertje391,DESCRIPTMessage Twit Hello Message Hello TwatDESCRIPT,552648,563673,614,3031375,3,TRUE,,,@meneertje391
Hello Twat Message Bye Message Message,1919517599,NL,BE,12,7499,7192,meneertje7192,DESCRIPTTwat Message Message Bye Hello TwatDESCRIPT,347401,177426,1794,4779191,14,FALSE,,,@meneertje7192
Two Two Twit Two Message Twit,1919510648,NL,BE,8608,7418,2283,meneertje2283,DESCRIPTBye Message Bye Hello Message TwoDESCRIPT,258616,250777,4310,2266583,19,FALSE,,,@meneertje2283
Twat Bye Two Twat Twit Twit,1919519044,NL,US,112,2888,3459,meneertje3459,DESCRIPTBye Message Twat Bye Twit MessageDESCRIPT,294723,657169,8577,5262746,9,FALSE,,,@meneertje3459
Two Hello Bye Hello Two Twat,1919513444,EN,US,1673,3885,3962,meneertje3962,DESCRIPTBye Twat Message Hello Message MessageDESCRIPT,823474,899974,5055,3836971,16,FALSE,,,@meneertje3962
Two Hello Twit Twit Twat Hello,1919514529,EN,BE,7618,465,4951,meneertje4951,DESCRIPTBye Message Two Bye Twit ByeDESCRIPT,3888,114384,1132,9703893,16,FALSE,,,@meneertje4951
Message Hello Two Message Twat Message,1919512178,TR,DL,2772,5497,9537,meneertje9537,DESCRIPTMessage Bye Twit Twat Message MessageDESCRIPT,46795,384840,1361,9499740,15,FALSE,,,@meneertje9537
Two Bye Twit Message Twat Bye,1919510556,EN,US,8790,3685,299,meneertje299,DESCRIPTHello Message Twit Hello Bye TwoDESCRIPT,402197,882317,6110,900877,0,FALSE,,,@meneertje299
Message Bye Message Message Hello Bye,1919520438,EN,BE,5060,9727,5407,meneertje5407,DESCRIPTTwo Twit Bye Two Two HelloDESCRIPT,61292,372994,8186,7834236,9,FALSE,,,@meneertje5407
Two Bye Twat Two Two Message,1919511494,TR,BE,6774,6376,2495,meneertje2495,DESCRIPTTwit Bye Twat Bye Twit MessageDESCRIPT,964422,932500,4809,5264032,13,FALSE,,,@meneertje2495
Two Twit Two Hello Hello Two,1919518265,TR,DL,8259,7271,1573,meneertje1573,DESCRIPTTwo Bye Two Bye Message TwitDESCRIPT,272722,981282,4097,9599481,20,TRUE,,,@meneertje1573
Hello Bye Bye Hello Twat Bye,1919516119,TR,DL,6823,8878,5170,meneertje5170,DESCRIPTBye Message Hello Twit Bye TwitDESCRIPT,793327,710722,2075,3499792,11,TRUE,,,@meneertje5170
Bye Twat Bye Message Message Message,1919513192,EN,US,1141,512,9946,meneertje9946,DESCRIPTMessage Twit Twat Twit Hello ByeDESCRIPT,776657,904897,6514,550802,4,FALSE,,,@meneertje9946
Twat Bye Bye Bye Bye Message,1919517609,EN,US,7892,3179,6435,meneertje6435,DESCRIPTMessage Bye Bye Bye Twit MessageDESCRIPT,658360,277249,7347,856531,19,FALSE,,,@meneertje6435
Twat Hello Bye Twat Twit Hello,1919519563,NL,BE,3175,1881,3866,meneertje3866,DESCRIPTTwo Message Two Bye Twit MessageDESCRIPT,826616,889904,4607,3081776,0,FALSE,,,@meneertje3866
Bye Two Two Message Message Message,1919513816,NL,DL,703,5824,6194,meneertje6194,DESCRIPTBye Hello Message Two Two MessageDESCRIPT,167232,748761,2381,346402,9,FALSE,,,@meneertje6194
Twat Two Twat Two Twat Twat,1919519778,NL,BE,7884,7612,5564,meneertje5564,DESCRIPTTwat Twat Bye Two Twit ByeDESCRIPT,827851,215210,8171,5104458,17,FALSE,,,@meneertje5564
Twit Twat Twit Message Bye Message,1919516488,NL,DL,1944,8329,1232,meneertje1232,DESCRIPTHello Message Message Hello Twit TwitDESCRIPT,187506,418178,7946,1915202,2,FALSE,,,@meneertje1232
Twat Two Hello Bye Message Twit,1919513400,TR,BE,2539,6906,9033,meneertje9033,DESCRIPTMessage Hello Message Two Twat TwatDESCRIPT,9334,555798,5100,809590,10,TRUE,,,@meneertje9033
Message Twat Hello Twat Bye Hello,1919519258,NL,US,966,5868,6060,meneertje6060,DESCRIPTTwat Twit Bye Twat Two MessageDESCRIPT,37035,251926,3488,2574086,11,TRUE,,,@meneertje6060
Bye Hello Two Bye Bye Two,1919514691,NL,BE,8525,645,5152,meneertje5152,DESCRIPTTwat Twat Hello Bye Two TwitDESCRIPT,10844,243762,4013,9964963,3,FALSE,,,@meneertje5152
Two Twat Twat Twit Two Twit,1919519109,EN,US,9732,1485,9749,meneertje9749,DESCRIPTBye Twat Twit Twit Twit ByeDESCRIPT,77672,650306,9640,2515786,7,TRUE,,,@meneertje9749
Two Hello Twat Twit Two Bye,1919517185,EN,US,158,3640,8654,meneertje8654,DESCRIPTTwat Bye Twit Message Bye ByeDESCRIPT,45546,750164,9873,5507261,4,FALSE,,,@meneertje8654
Two Message Hello Two Hello Message,1919512076,NL,DL,2722,5652,9827,meneertje9827,DESCRIPTMessage Twat Message Hello Two ByeDESCRIPT,848986,153977,8585,4337062,13,FALSE,,,@meneertje9827
Hello Two Message Hello Bye Message,1919517163,NL,DL,4184,7527,6687,meneertje6687,DESCRIPTTwo Message Bye Two Twit TwitDESCRIPT,79178,725888,6348,3481026,17,FALSE,,,@meneertje6687
Twat Two Two Hello Bye Hello,1919518292,TR,BE,6134,3433,6022,meneertje6022,DESCRIPTMessage Twat Two Two Hello HelloDESCRIPT,787686,535045,5740,9995753,4,FALSE,,,@meneertje6022
Two Message Hello Twat Bye Bye,1919512719,NL,BE,130,451,5107,meneertje5107,DESCRIPTTwit Message Twit Two Hello ByeDESCRIPT,541573,933118,727,787327,5,FALSE,,,@meneertje5107
Two Two Twat Bye Two Two,1919513809,NL,DL,4670,9186,9772,meneertje9772,DESCRIPTTwit Twat Hello Two Hello ByeDESCRIPT,488426,315611,3516,3552405,1,FALSE,,,@meneertje9772
Two Message Twat Hello Message Bye,1919515286,EN,DL,291,3064,6219,meneertje6219,DESCRIPTBye Twit Hello Twat Hello TwatDESCRIPT,649960,726600,5708,4695599,3,FALSE,,,@meneertje6219
Bye Message Message Hello Twat Two,1919515431,NL,US,2830,4886,3808,meneertje3808,DESCRIPTTwit Hello Message Twat Bye TwatDESCRIPT,543339,17668,5480,2987477,4,FALSE,,,@meneertje3808
Two Bye Message Hello Hello Hello,1919520137,EN,DL,7441,2017,3997,meneertje3997,DESCRIPTMessage Message Hello Twat Bye TwitDESCRIPT,406440,925486,7964,3049844,13,FALSE,,,@meneertje3997
Two Twat Twit Hello Bye Bye,1919514932,EN,BE,975,4480,5385,meneertje5385,DESCRIPTTwat Twit Twat Two Twat MessageDESCRIPT,26307,740809,8417,6196308,14,FALSE,,,@meneertje5385
Hello Bye Message Bye Twit Twit,1919515729,TR,US,3865,2405,2043,meneertje2043,DESCRIPTTwat Hello Twat Two Two TwatDESCRIPT,859737,997709,1229,9340250,0,FALSE,,,@meneertje2043
Twit Twit Message Message Hello Two,1919514502,EN,DL,2502,9807,3175,meneertje3175,DESCRIPTHello Two Two Hello Two TwoDESCRIPT,299051,591538,6167,3349718,7,FALSE,,,@meneertje3175
Two Two Hello Two Two Bye,1919513859,EN,DL,2140,4048,4059,meneertje4059,DESCRIPTTwat Message Hello Bye Hello TwoDESCRIPT,202484,705113,7730,7151578,5,TRUE,,,@meneertje4059
Two Bye Twat Two Twat Hello,1919511385,TR,BE,7995,9592,5660,meneertje5660,DESCRIPTMessage Twat Twit Twat Hello TwitDESCRIPT,398583,376621,2535,8985538,0,TRUE,,,@meneertje5660
Twit Twat Twat Bye Hello Hello,1919511589,TR,US,716,9137,9582,meneertje9582,DESCRIPTTwat Hello Two Bye Twat ByeDESCRIPT,784285,422204,4821,7281826,6,TRUE,,,@meneertje9582
Bye Message Message Two Bye Two,1919511670,EN,US,7930,408,2431,meneertje2431,DESCRIPTTwit Two Message Message Hello MessageDESCRIPT,70361,837113,6822,3389668,5,FALSE,,,@meneertje2431
Two Bye Bye Hello Hello Two,1919516292,TR,BE,9506,7930,8806,meneertje8806,DESCRIPTTwit Two Twat Twit Hello TwoDESCRIPT,769107,365820,5101,7845312,18,FALSE,,,@meneertje8806
Hello Twit Bye Hello Twat Bye,1919519479,EN,DL,4317,8019,8821,meneertje8821,DESCRIPTMessage Bye Two Message Twit TwatDESCRIPT,786928,987364,7441,7077027,20,FALSE,,,@meneertje8821
Twit Message Two Hello Hello Message,1919513768,NL,DL,6405,328,8777,meneertje8777,DESCRIPTTwit Twit Message Twit Bye TwitDESCRIPT,134774,814621,3865,8443122,16,FALSE,,,@meneertje8777
Twit Message Twit Bye Bye Message,1919516139,TR,BE,621,1555,7937,meneertje7937,DESCRIPTTwat Bye Twat Bye Twit MessageDESCRIPT,597506,266216,5319,7090455,10,FALSE,,,@meneertje7937
Twat Twit Bye Bye Twit Hello,1919518777,EN,US,6868,9310,2005,meneertje2005,DESCRIPTTwat Twat Twit Bye Two TwoDESCRIPT,239141,145145,1755,2677249,0,FALSE,,,@meneertje2005
Bye Two Twat Hello Message Twit,1919516170,EN,US,2646,4773,792,meneertje792,DESCRIPTTwo Twit Message Bye Hello MessageDESCRIPT,362174,627880,5419,5966031,8,FALSE,,,@meneertje792
Message Message Hello Hello Hello Message,1919519388,NL,DL,3908,5042,5987,meneertje5987,DESCRIPTTwo Two Two Twat Twit MessageDESCRIPT,727668,596101,4006,7660581,15,FALSE,,,@meneertje5987
Twat Hello Twit Twat Two Hello,1919514646,EN,DL,963,8926,9766,meneertje9766,DESCRIPTHello Message Twit Twat Hello HelloDESCRIPT,795605,59032,9508,8300841,11,TRUE,,,@meneertje9766
Two Bye Two Hello Message Twat,1919511627,TR,BE,2847,3944,2696,meneertje2696,DESCRIPTHello Bye Twat Twit Two TwoDESCRIPT,527301,282282,4975,7256811,6,TRUE,,,@meneertje2696
Twit Twat Twat Twat Twat Twit,1919517538,TR,DL,1586,6821,3836,meneertje3836,DESCRIPTTwo Twit Twit Bye Twit MessageDESCRIPT,75136,406644,7290,2166123,13,FALSE,,,@meneertje3836
Message Bye Bye Hello Hello Hello,1919510983,EN,US,9779,9711,7966,meneertje7966,DESCRIPTTwo Message Bye Twat Twat ByeDESCRIPT,612799,269952,1519,9060539,12,FALSE,,,@meneertje7966
Twit Hello Hello Twit Twit Message,1919514550,EN,US,2557,7417,3657,meneertje3657,DESCRIPTHello Message Message Message Message MessageDESCRIPT,324180,439782,9705,2078875,18,FALSE,,,@meneertje3657
Twit Bye Message Message Two Hello,1919515571,EN,US,9574,686,7772,meneertje7772,DESCRIPTBye Twit Message Bye Hello HelloDESCRIPT,536621,726343,2670,913365,12,FALSE,,,@meneertje7772
Twat Twat Two Hello Two Two,1919517242,NL,BE,4044,1521,6709,meneertje6709,DESCRIPTHello Two Bye Bye Message TwitDESCRIPT,219747,897714,6322,9972465,12,TRUE,,,@meneertje6709
Twit Message Hello Twit Hello Twit,1919511203,NL,US,9357,3966,7993,meneertje7993,DESCRIPTBye Twit Message Message Hello HelloDESCRIPT,828240,885286,1941,4601967,7,TRUE,,,@meneertje7993
Bye Hello Message Hello Twit Twit,1919514265,TR,BE,3801,7345,4212,meneertje4212,DESCRIPTMessage Twit Twat Two Bye TwatDESCRIPT,373079,179815,7598,1478706,15,FALSE,,,@meneertje4212
Bye Bye Bye Hello Twat Twit,1919519157,TR,DL,8072,1558,3865,meneertje3865,DESCRIPTTwit Two Twit Bye Hello TwoDESCRIPT,162367,399683,8693,8935397,8,FALSE,,,@meneertje3865
Bye Hello Hello Twit Hello Hello,1919512467,EN,DL,3743,3098,7105,meneertje7105,DESCRIPTMessage Message Message Hello Twat MessageDESCRIPT,232703,633408,9462,747597,15,TRUE,,,@meneertje7105
Bye Twat Hello Message Two Two,1919510742,NL,BE,9995,3636,6152,meneertje6152,DESCRIPTHello Bye Two Bye Message MessageDESCRIPT,286960,625283,1059,9820287,4,FALSE,,,@meneertje6152
Message Bye Two Message Message Two,1919512987,TR,US,1676,3965,4406,meneertje4406,DESCRIPTMessage Hello Two Two Hello MessageDESCRIPT,188321,970650,2654,5708150,4,FALSE,,,@meneertje4406
Two Hello Bye Twit Bye Bye,1919511238,NL,BE,4385,214,1563,meneertje1563,DESCRIPTHello Two Twat Bye Hello TwatDESCRIPT,170177,907665,7257,25326,6,FALSE,,,@meneertje1563
Two Hello Two Bye Hello Two,1919513235,TR,US,460,1414,2138,meneertje2138,DESCRIPTTwat Two Twit Twat Two TwatDESCRIPT,680390,264819,7778,1147929,6,TRUE,,,@meneertje2138
Twat Two Message Bye Bye Two,1919515240,NL,DL,5412,2325,9520,meneertje9520,DESCRIPTHello Bye Twit Hello Twit ByeDESCRIPT,897569,354502,5798,5710102,1,FALSE,,,@meneertje9520
Twat Twat Hello Twit Hello Bye,1919517419,TR,US,4740,9405,6193,meneertje6193,DESCRIPTHello Two Twit Hello Bye TwatDESCRIPT,835162,991435,3265,6869417,3,TRUE,,,@meneertje6193
Twit Hello Message Two Twat Two,1919519400,EN,BE,7259,7588,7566,meneertje7566,DESCRIPTMessage Twit Twit Bye Two TwoDESCRIPT,155812,114570,6854,7127660,19,FALSE,,,@meneertje7566
Twat Twit Bye Two Hello Message,1919514867,EN,US,7470,9350,5715,meneertje5715,DESCRIPTMessage Bye Twit Twit Two MessageDESCRIPT,355051,883588,3268,3121139,10,FALSE,,,@meneertje5715
Hello Message Twit Two Message Twit,1919513380,EN,BE,2461,9657,4074,meneertje4074,DESCRIPTTwat Two Hello Hello Bye TwitDESCRIPT,134631,856730,1383,2888613,13,TRUE,,,@meneertje4074
Bye Twit Twit Message Twit Bye,1919512431,TR,US,3605,397,9115,meneertje9115,DESCRIPTTwit Message Message Twat Two TwatDESCRIPT,692130,895017,8491,2312989,11,TRUE,,,@meneertje9115
Two Message Bye Hello Two Bye,1919518380,EN,US,5665,2788,9010,meneertje9010,DESCRIPTTwo Twit Twit Twit Hello HelloDESCRIPT,517362,841911,9538,5527537,9,TRUE,,,@meneertje9010
Twit Message Twat Twat Bye Two,1919512107,EN,DL,8681,125,5737,meneertje5737,DESCRIPTTwit Bye Message Bye Twat TwoDESCRIPT,294668,779421,6052,1615586,6,TRUE,,,@meneertje5737
Two Twat Message Twit Twit Two,1919510511,NL,DL,3779,5673,8846,meneertje8846,DESCRIPTTwit Hello Bye Twat Bye TwitDESCRIPT,358818,599837,7079,3557685,14,FALSE,,,@meneertje8846
Message Twat Message Message Message Hello,1919520321,NL,US,8650,7605,3489,meneertje3489,DESCRIPTBye Twit Twit Message Twit MessageDESCRIPT,246920,499939,5855,585796,17,FALSE,,,@meneertje3489
Twat Twat Bye Twit Twat Twit,1919511133,EN,DL,7715,2469,4999,meneertje4999,DESCRIPTMessage Message Two Twat Two ByeDESCRIPT,312761,533856,2601,5530728,4,FALSE,,,@meneertje4999
Twit Hello Twat Bye Two Two,1919513823,TR,BE,1030,5880,6090,meneertje6090,DESCRIPTTwat Twat Message Message Bye TwoDESCRIPT,904926,162467,7299,5335822,3,FALSE,,,@meneertje6090
Twit Message Bye Hello Two Twit,1919512000,EN,BE,1761,4260,891,meneertje891,DESCRIPTTwat Twit Twit Twat Twit MessageDESCRIPT,219999,418131,2475,2670405,7,TRUE,,,@meneertje891
Hello Two Twat Bye Hello Two,1919518524,NL,US,1166,8707,9123,meneertje9123,DESCRIPTHello Twit Hello Message Twit ByeDESCRIPT,949143,237895,3838,6341538,15,TRUE,,,@meneertje9123
Hello Twit Message Bye Twat Hello,1919517613,EN,US,9142,4210,3899,meneertje3899,DESCRIPTMessage Two Bye Twat Two TwitDESCRIPT,509842,745631,8022,1630976,13,TRUE,,,@meneertje3899
Twit Bye Hello Bye Message Two,1919518288,NL,BE,9026,9534,3874,meneertje3874,DESCRIPTTwat Hello Message Twat Message TwoDESCRIPT,990956,921135,9179,5318453,9,FALSE,,,@meneertje3874
Bye Twat Bye Two Twit Twit,1919518970,TR,US,4252,4655,7209,meneertje7209,DESCRIPTHello Hello Bye Bye Hello TwatDESCRIPT,346667,44986,3086,5201280,18,FALSE,,,@meneertje7209
Bye Bye Bye Bye Hello Message,1919513786,NL,US,5899,4818,9053,meneertje9053,DESCRIPTHello Message Bye Bye Twat TwoDESCRIPT,275709,836779,9198,2641230,10,FALSE,,,@meneertje9053
Hello Twit Twit Twat Hello Message,1919514928,NL,US,9568,7398,702,meneertje702,DESCRIPTTwat Message Two Bye Message TwitDESCRIPT,103852,819520,1179,1726301,9,TRUE,,,@meneertje702
Message Twit Message Hello Hello Twit,1919511076,EN,US,86,2219,8967,meneertje8967,DESCRIPTBye Twit Hello Twat Twat HelloDESCRIPT,766494,998310,6759,6748579,9,FALSE,,,@meneertje8967
Hello Bye Twit Two Message Hello,1919518768,NL,US,6509,1222,76,meneertje76,DESCRIPTTwo Hello Two Twit Message ByeDESCRIPT,836975,870789,4916,6079634,3,FALSE,,,@meneertje76
Message Hello Bye Bye Two Bye,1919513491,TR,BE,551,8494,5489,meneertje5489,DESCRIPTTwat Bye Twat Two Twat TwatDESCRIPT,243660,57578,1912,632558,5,FALSE,,,@meneertje5489
Bye Hello Twat Hello Bye Bye,1919518097,TR,US,6847,828,2145,meneertje2145,DESCRIPTTwit Two Two Two Twit ByeDESCRIPT,884186,588540,96,7045058,10,FALSE,,,@meneertje2145
Two Hello Bye Two Hello Twit,1919515684,EN,DL,7004,1256,1042,meneertje1042,DESCRIPTTwat Bye Hello Twit Bye TwatDESCRIPT,64718,198902,661,4280261,12,TRUE,,,@meneertje1042
Two Bye Two Two Two Two,1919519879,NL,BE,475,6696,3352,meneertje3352,DESCRIPTMessage Hello Twit Message Twit TwatDESCRIPT,790770,569655,2318,1980719,14,FALSE,,,@meneertje3352
Two Hello Twat Twit Hello Two,1919518037,NL,DL,8305,6128,2716,meneertje2716,DESCRIPTTwo Twit Bye Bye Twit ByeDESCRIPT,391414,467910,3241,4873005,4,TRUE,,,@meneertje2716
Bye Twat Twat Message Two Twit,1919515369,EN,US,5793,8058,7782,meneertje7782,DESCRIPTTwo Bye Twit Message Message TwitDESCRIPT,406201,910406,2196,9731232,15,FALSE,,,@meneertje7782
Twat Bye Bye Bye Message Twat,1919515963,NL,BE,1654,9599,4987,meneertje4987,DESCRIPTHello Two Hello Message Twit TwoDESCRIPT,728497,491442,918,2057757,8,FALSE,,,@meneertje4987
Two Hello Two Twat Two Message,1919520435,EN,US,302,4026,2719,meneertje2719,DESCRIPTHello Message Message Hello Twat TwoDESCRIPT,930941,512869,1009,1363338,15,FALSE,,,@meneertje2719
Twat Hello Bye Twat Two Two,1919514775,NL,DL,5293,5539,6382,meneertje6382,DESCRIPTTwat Message Message Bye Twat TwatDESCRIPT,358755,96109,1490,2558961,2,FALSE,,,@meneertje6382
Twat Bye Hello Two Two Twat,1919511388,EN,DL,9051,769,3094,meneertje3094,DESCRIPTTwat Message Twat Bye Twat TwoDESCRIPT,498279,349293,4740,8412909,7,FALSE,,,@meneertje3094
Twit Two Hello Message Hello Hello,1919510871,TR,US,1236,146,5323,meneertje5323,DESCRIPTTwo Message Two Bye Twat HelloDESCRIPT,578603,44862,8266,8746063,1,FALSE,,,@meneertje5323
Message Hello Twit Twit Two Message,1919518446,NL,DL,1928,903,3827,meneertje3827,DESCRIPTMessage Twat Twat Twat Message TwatDESCRIPT,699035,419148,3383,1757261,11,FALSE,,,@meneertje3827
Hello Hello Twit Bye Hello Bye,1919517728,TR,DL,3060,5803,4464,meneertje4464,DESCRIPTTwo Twit Twat Hello Twit TwatDESCRIPT,245928,141806,7760,7615965,6,FALSE,,,@meneertje4464
Twit Message Hello Message Hello Two,1919511112,EN,DL,9129,7852,71,meneertje71,DESCRIPTTwat Message Twat Message Hello TwatDESCRIPT,544095,493168,1577,2910781,17,FALSE,,,@meneertje71
Twat Twit Two Hello Twit Twit,1919511491,EN,US,3428,5940,3924,meneertje3924,DESCRIPTBye Hello Two Bye Bye TwatDESCRIPT,918368,77079,4698,9065014,20,FALSE,,,@meneertje3924
Twit Bye Twit Hello Bye Bye,1919516099,TR,BE,4825,9919,3155,meneertje3155,DESCRIPTHello Two Twit Twat Two HelloDESCRIPT,74609,916425,8365,3423492,1,FALSE,,,@meneertje3155
Hello Bye Twit Bye Bye Hello,1919513178,EN,DL,3533,6600,392,meneertje392,DESCRIPTTwo Twit Hello Two Message TwatDESCRIPT,387114,805793,3763,4844132,0,FALSE,,,@meneertje392
Twat Two Twat Hello Two Message,1919511385,NL,US,9069,720,1596,meneertje1596,DESCRIPTMessage Message Message Hello Twit HelloDESCRIPT,430802,467589,1537,2102023,3,TRUE,,,@meneertje1596
Message Message Two Bye Hello Twit,1919512465,EN,DL,676,6952,5471,meneertje5471,DESCRIPTHello Two Hello Message Two TwoDESCRIPT,505095,428882,7383,4765293,6,FALSE,,,@meneertje5471
Bye Twat Twit Hello Hello Two,1919513915,EN,DL,1948,6295,5167,meneertje5167,DESCRIPTTwat Twit Message Twit Bye HelloDESCRIPT,669934,228115,6090,1023753,17,TRUE,,,@meneertje5167
Twat Twat Message Hello Two Twat,1919510768,EN,US,1572,2542,3722,meneertje3722,DESCRIPTHello Message Bye Bye Message TwatDESCRIPT,490311,670877,5075,6149782,16,FALSE,,,@meneertje3722
Twit Two Bye Twat Two Bye,1919516271,TR,DL,3394,8349,9161,meneertje9161,DESCRIPTTwat Hello Bye Twit Twit ByeDESCRIPT,569570,133956,267,5884588,9,FALSE,,,@meneertje9161
Message Hello Bye Twit Twit Twit,1919511641,NL,BE,5703,4936,2668,meneertje2668,DESCRIPTHello Twat Twat Two Hello TwatDESCRIPT,971891,771724,9550,6269057,13,TRUE,,,@meneertje2668
Twat Twat Bye Bye Twat Twat,1919517065,NL,DL,2937,5273,1004,meneertje1004,DESCRIPTTwo Hello Hello Two Bye TwitDESCRIPT,914029,505422,7741,9724255,18,FALSE,,,@meneertje1004
Bye Bye Two Hello Twit Bye,1919513276,EN,DL,1340,8085,7682,meneertje7682,DESCRIPTBye Twat Bye Hello Message ByeDESCRIPT,638017,215939,788,7649956,16,FALSE,,,@meneertje7682
Twit Twit Bye Twit Hello Message,1919518991,TR,BE,3301,9232,3620,meneertje3620,DESCRIPTTwat Twat Twat Message Message TwitDESCRIPT,518904,606753,284,8518832,4,FALSE,,,@meneertje3620
Hello Two Twat Twat Twit Bye,1919517717,EN,BE,7860,2514,9273,meneertje9273,DESCRIPTTwo Two Twit Hello Two HelloDESCRIPT,751491,551779,1104,3659434,10,FALSE,,,@meneertje9273
Twit Bye Message Bye Twat Message,1919513856,NL,DL,8618,8396,2096,meneertje2096,DESCRIPTTwat Message Bye Bye Twit TwoDESCRIPT,262923,862769,235,3298444,17,FALSE,,,@meneertje2096
Twat Hello Hello Two Hello Twat,1919516815,EN,BE,9518,7170,1952,meneertje1952,DESCRIPTTwat Two Message Message Two MessageDESCRIPT,843142,563909,663,3971051,13,FALSE,,,@meneertje1952
Two Two Hello Hello Twat Two,1919518249,TR,BE,1484,690,8573,meneertje8573,DESCRIPTTwit Twit Twat Two Bye TwatDESCRIPT,119269,341379,2091,6541506,16,TRUE,,,@meneertje8573
Two Bye Bye Hello Hello Twit,1919515879,TR,DL,5089,8193,8291,meneertje8291,DESCRIPTTwat Message Two Twat Hello TwatDESCRIPT,46977,662546,5503,2887096,6,FALSE,,,@meneertje8291
Hello Twit Bye Twit Twat Two,1919514252,EN,US,8327,2062,438,meneertje438,DESCRIPTMessage Two Twit Hello Twat HelloDESCRIPT,795743,836131,1603,8243607,5,FALSE,,,@meneertje438
Hello Twat Message Twit Bye Hello,1919512677,NL,US,7372,1954,2024,meneertje2024,DESCRIPTBye Bye Hello Twat Hello TwatDESCRIPT,663432,811952,3987,2386181,9,FALSE,,,@meneertje2024
Twat Message Two Twit Hello Message,1919519484,EN,DL,8040,7965,5832,meneertje5832,DESCRIPTHello Message Message Bye Message ByeDESCRIPT,374810,726122,9388,7723562,19,FALSE,,,@meneertje5832
Hello Twit Bye Message Bye Message,1919518002,TR,BE,5598,456,8267,meneertje8267,DESCRIPTTwat Twit Two Twat Twat TwoDESCRIPT,778345,769947,8344,3260579,9,FALSE,,,@meneertje8267
Twit Hello Message Two Bye Message,1919512388,NL,DL,646,2623,4833,meneertje4833,DESCRIPTTwat Twat Twit Bye Hello TwoDESCRIPT,410443,778549,8770,3932173,14,FALSE,,,@meneertje4833
Bye Hello Message Twat Two Hello,1919510781,EN,BE,7105,333,1816,meneertje1816,DESCRIPTTwit Twat Twat Message Two TwoDESCRIPT,819401,459221,9629,6904988,11,FALSE,,,@meneertje1816
Bye Twat Twit Twit Bye Twat,1919516240,EN,DL,6797,1337,7727,meneertje7727,DESCRIPTHello Hello Hello Twat Hello ByeDESCRIPT,767887,316250,819,1658390,7,FALSE,,,@meneertje7727
Two Hello Bye Twat Message Bye,1919518566,EN,DL,4976,1471,1821,meneertje1821,DESCRIPTTwo Message Bye Twat Twit TwitDESCRIPT,175443,434958,6911,8511932,6,FALSE,,,@meneertje1821
Hello Two Hello Bye Bye Hello,1919511671,EN,DL,6737,3033,9205,meneertje9205,DESCRIPTTwat Message Two Bye Message TwatDESCRIPT,827496,665141,5126,9621194,11,FALSE,,,@meneertje9205
Bye Two Hello Twit Twat Two,1919514623,EN,DL,5769,2163,9215,meneertje9215,DESCRIPTTwit Two Twit Twit Bye HelloDESCRIPT,970169,175727,8276,4810423,9,FALSE,,,@meneertje9215
Bye Twit Twat Twit Hello Message,1919519897,NL,US,8629,9955,7441,meneertje7441,DESCRIPTBye Bye Twit Bye Message TwitDESCRIPT,299199,746408,4155,6537887,16,FALSE,,,@meneertje7441
Two Message Bye Twit Bye Twit,1919511966,NL,BE,6450,7352,2252,meneertje2252,DESCRIPTTwo Hello Hello Twit Twat ByeDESCRIPT,655477,436548,5614,988236,11,FALSE,,,@meneertje2252
Two Two Message Two Twit Two,1919514380,TR,BE,2892,9121,6735,meneertje6735,DESCRIPTHello Twat Message Twat Message TwoDESCRIPT,931647,144835,4516,9559766,3,FALSE,,,@meneertje6735
Two Message Message Two Bye Message,1919513401,EN,DL,2213,7233,1836,meneertje1836,DESCRIPTHello Message Twat Bye Twat ByeDESCRIPT,473393,870507,5681,5469807,6,TRUE,,,@meneertje1836
Twit Two Hello Bye Twat Twit,1919517508,NL,DL,8017,5082,3142,meneertje3142,DESCRIPTHello Twit Bye Twit Twit TwitDESCRIPT,558821,620483,4462,2036908,18,FALSE,,,@meneertje3142
Twit Twit Hello Bye Twat Hello,1919513375,NL,DL,3308,7331,4150,meneertje4150,DESCRIPTMessage Twit Two Two Two ByeDESCRIPT,889640,318963,8820,5386089,10,FALSE,,,@meneertje4150
Bye Bye Bye Bye Hello Twat,1919517281,NL,DL,1254,6022,2443,meneertje2443,DESCRIPTHello Twat Two Twit Bye HelloDESCRIPT,409104,185052,3190,5352256,7,FALSE,,,@meneertje2443
Bye Message Two Twat Twit Twat,1919513859,TR,BE,1749,8401,3146,meneertje3146,DESCRIPTBye Twit Twit Hello Bye TwoDESCRIPT,401470,57610,5525,6411546,16,TRUE,,,@meneertje3146
Twit Bye Twit Hello Message Two,1919516510,NL,BE,4831,4766,2961,meneertje2961,DESCRIPTTwit Message Hello Bye Bye ByeDESCRIPT,960414,472752,4290,6104699,6,FALSE,,,@meneertje2961
Hello Message Two Twat Message Message,1919516868,NL,DL,5209,787,8424,meneertje8424,DESCRIPTTwat Twit Hello Two Twit HelloDESCRIPT,501563,321615,4491,2330417,19,FALSE,,,@meneertje8424
Bye Message Twit Twat Two Two,1919510712,TR,DL,4368,3256,8581,meneertje8581,DESCRIPTBye Hello Message Two Bye TwitDESCRIPT,452962,395441,1740,3857142,7,FALSE,,,@meneertje8581
Bye Twit Twit Two Twit Twat,1919516234,EN,BE,1123,2639,2966,meneertje2966,DESCRIPTHello Bye Bye Twat Twit TwatDESCRIPT,728743,56527,3142,162921,16,FALSE,,,@meneertje2966
Twat Twit Two Two Two Message,1919515872,EN,BE,9667,4427,728,meneertje728,DESCRIPTTwat Twat Hello Two Two ByeDESCRIPT,798504,455018,5372,3863619,0,TRUE,,,@meneertje728
Twit Twit Hello Message Hello Message,1919513083,TR,BE,745,1674,321,meneertje321,DESCRIPTMessage Two Twat Twat Two ByeDESCRIPT,123659,742344,9026,4138308,16,FALSE,,,@meneertje321
Twit Twit Message Bye Hello Twat,1919515582,EN,DL,9077,1118,6665,meneertje6665,DESCRIPTTwat Bye Two Twit Hello TwitDESCRIPT,302476,655922,9634,9703345,7,TRUE,,,@meneertje6665
Hello Two Two Bye Bye Hello,1919517551,EN,BE,201,9509,7031,meneertje7031,DESCRIPTTwat Hello Hello Bye Twit MessageDESCRIPT,99759,975035,4700,3197216,5,TRUE,,,@meneertje7031
Two Twit Twit Message Twit Two,1919516542,NL,BE,3501,4473,5192,meneertje5192,DESCRIPTTwo Hello Message Two Twit TwatDESCRIPT,253453,561176,7644,9013281,19,FALSE,,,@meneertje5192
Twat Two Two Message Twat Hello,1919516046,EN,DL,7985,9625,5852,meneertje5852,DESCRIPTHello Message Message Two Two TwatDESCRIPT,133795,816440,6406,7539129,18,FALSE,,,@meneertje5852
Bye Hello Bye Bye Message Two,1919512986,TR,DL,8034,7414,5187,meneertje5187,DESCRIPTTwo Twat Hello Message Twat MessageDESCRIPT,53106,108080,7994,8761371,3,TRUE,,,@meneertje5187
Twat Twit Two Twit Message Twit,1919514170,NL,BE,8561,6782,9259,meneertje9259,DESCRIPTTwit Twat Message Bye Twit TwoDESCRIPT,51002,621085,9964,8720183,4,TRUE,,,@meneertje9259
Twit Twit Twit Two Two Two,1919518867,NL,DL,6346,4030,74,meneertje74,DESCRIPTTwat Hello Hello Two Twat TwitDESCRIPT,584636,825835,3036,5142866,3,FALSE,,,@meneertje74
Hello Twat Twat Twit Message Twit,1919517310,EN,DL,4732,1031,3846,meneertje3846,DESCRIPTHello Message Two Hello Bye HelloDESCRIPT,136344,95098,506,2735725,2,FALSE,,,@meneertje3846
Twit Twat Message Message Two Two,1919514164,TR,DL,8058,7188,9821,meneertje9821,DESCRIPTHello Twat Twit Bye Message TwitDESCRIPT,97247,497637,5671,3071748,16,FALSE,,,@meneertje9821
Twat Twat Bye Two Two Message,1919511131,TR,US,7085,3751,8669,meneertje8669,DESCRIPTHello Message Bye Hello Two ByeDESCRIPT,794330,588281,2981,9305069,0,FALSE,,,@meneertje8669
Twat Hello Twat Hello Twit Message,1919513256,NL,US,8064,7455,8808,meneertje8808,DESCRIPTTwo Two Bye Message Hello HelloDESCRIPT,725015,741930,1323,7846349,19,FALSE,,,@meneertje8808
Twit Message Two Hello Two Message,1919515937,TR,DL,8724,8602,5808,meneertje5808,DESCRIPTTwat Message Hello Twit Two TwitDESCRIPT,164897,591188,3530,6784983,19,TRUE,,,@meneertje5808
Twat Twit Two Bye Message Message,1919516021,NL,US,8138,6163,3887,meneertje3887,DESCRIPTTwit Bye Two Two Message ByeDESCRIPT,838225,757074,2754,1006760,3,FALSE,,,@meneertje3887
Bye Twat Bye Bye Hello Bye,1919515083,EN,BE,2494,5829,2742,meneertje2742,DESCRIPTBye Twit Twit Message Message MessageDESCRIPT,525564,430433,6921,2597987,4,FALSE,,,@meneertje2742
Twat Hello Message Hello Two Twat,1919510929,NL,DL,8458,8576,9072,meneertje9072,DESCRIPTMessage Two Hello Twat Twat TwatDESCRIPT,148167,609669,4918,4017727,4,FALSE,,,@meneertje9072
Hello Hello Two Twit Bye Hello,1919511262,EN,US,4985,9374,8290,meneertje8290,DESCRIPTTwo Bye Hello Message Twat MessageDESCRIPT,209507,949846,3090,2233585,17,FALSE,,,@meneertje8290
Message Hello Twit Hello Twat Bye,1919517698,NL,DL,7129,9728,5651,meneertje5651,DESCRIPTTwo Bye Hello Hello Twat TwatDESCRIPT,861385,110762,9040,1120994,2,TRUE,,,@meneertje5651
Twit Message Hello Bye Two Two,1919514774,EN,BE,3659,2224,1513,meneertje1513,DESCRIPTBye Two Twat Twit Twit TwitDESCRIPT,69188,432900,7299,3070241,18,FALSE,,,@meneertje1513
Twat Twit Hello Twit Twat Hello,1919511296,TR,US,4809,8161,6777,meneertje6777,DESCRIPTTwo Twat Bye Two Twit MessageDESCRIPT,914396,446476,2423,4382769,14,FALSE,,,@meneertje6777
Twit Twit Twat Two Two Twit,1919515356,EN,BE,6070,6432,9540,meneertje9540,DESCRIPTMessage Two Hello Bye Twit MessageDESCRIPT,319094,711102,7751,4551071,13,FALSE,,,@meneertje9540
Message Twit Message Message Message Twat,1919519898,NL,US,7214,7843,6659,meneertje6659,DESCRIPTHello Message Two Bye Hello HelloDESCRIPT,661460,91414,2829,1637268,8,FALSE,,,@meneertje6659
Two Two Message Twat Bye Bye,1919512515,EN,BE,3596,4487,7624,meneertje7624,DESCRIPTTwit Bye Two Bye Twat TwitDESCRIPT,448734,800423,9108,1158725,0,FALSE,,,@meneertje7624
Hello Twat Twit Bye Hello Hello,1919510882,EN,DL,7541,5214,6333,meneertje6333,DESCRIPTBye Hello Twat Message Bye TwitDESCRIPT,471185,917746,6556,8293178,3,FALSE,,,@meneertje6333
Two Bye Bye Bye Bye Twat,1919515465,EN,US,2388,7023,7503,meneertje7503,DESCRIPTTwit Twit Twit Twit Two ByeDESCRIPT,288025,253773,8550,1624327,7,TRUE,,,@meneertje7503
Two Message Message Two Bye Bye,1919514318,NL,US,3374,7793,1735,meneertje1735,DESCRIPTMessage Twit Bye Bye Message MessageDESCRIPT,48617,448563,7903,7793358,1,FALSE,,,@meneertje1735
Two Two Twat Message Message Two,1919514153,TR,BE,2719,3685,4178,meneertje4178,DESCRIPTMessage Bye Two Bye Twat ByeDESCRIPT,332845,187425,7928,2072655,2,FALSE,,,@meneertje4178
Hello Hello Bye Twat Hello Message,1919514308,TR,DL,2908,6117,5368,meneertje5368,DESCRIPTTwo Two Bye Twat Hello ByeDESCRIPT,323809,104576,3319,917443,16,TRUE,,,@meneertje5368
Message Two Twat Bye Two Hello,1919512260,TR,US,3033,495,514,meneertje514,DESCRIPTTwat Message Two Message Twit HelloDESCRIPT,662596,842486,4244,8403128,13,FALSE,,,@meneertje514
Two Twit Message Message Hello Message,1919517132,EN,DL,9007,6135,4788,meneertje4788,DESCRIPTMessage Twat Twat Twit Message TwoDESCRIPT,373613,245577,7956,9635439,14,FALSE,,,@meneertje4788
Twit Bye Twat Bye Twit Hello,1919518844,EN,BE,1179,1271,7301,meneertje7301,DESCRIPTHello Twat Hello Twit Twit MessageDESCRIPT,911603,358009,834,867304,6,FALSE,,,@meneertje7301
Two Bye Two Twat Bye Bye,1919518282,NL,DL,5645,9487,802,meneertje802,DESCRIPTHello Hello Message Twit Hello HelloDESCRIPT,994357,101699,7039,9083726,7,FALSE,,,@meneertje802
Twat Twat Hello Twit Bye Two,1919511322,EN,DL,9079,5032,9801,meneertje9801,DESCRIPTTwat Bye Bye Twat Two HelloDESCRIPT,188068,511898,4143,3919457,5,TRUE,,,@meneertje9801
Twat Twat Message Two Twat Twat,1919517748,EN,BE,8377,4445,9630,meneertje9630,DESCRIPTBye Bye Twat Bye Two TwatDESCRIPT,629149,694964,7794,8701207,2,FALSE,,,@meneertje9630
Bye Hello Bye Twit Two Bye,1919517832,EN,US,4601,532,4919,meneertje4919,DESCRIPTHello Twat Bye Two Message TwoDESCRIPT,947595,155575,5965,8347618,20,TRUE,,,@meneertje4919
Hello Two Twit Two Two Hello,1919515143,EN,US,9131,6907,4108,meneertje4108,DESCRIPTHello Two Two Twit Bye ByeDESCRIPT,731065,772985,6844,4753322,0,FALSE,,,@meneertje4108
Message Twit Twat Hello Message Bye,1919516854,NL,BE,9528,138,3279,meneertje3279,DESCRIPTMessage Message Hello Twit Hello TwatDESCRIPT,913017,60629,7290,1971992,18,FALSE,,,@meneertje3279
Two Twit Twit Message Twat Bye,1919516200,TR,US,6167,7023,7116,meneertje7116,DESCRIPTMessage Hello Twat Bye Twit TwoDESCRIPT,931427,955205,2655,3646631,10,FALSE,,,@meneertje7116
Message Twit Bye Twit Two Hello,1919514351,NL,DL,7447,1898,1857,meneertje1857,DESCRIPTTwit Two Two Hello Message MessageDESCRIPT,723732,802696,9277,4305341,15,FALSE,,,@meneertje1857
Twit Message Twat Hello Twat Message,1919514251,TR,US,5605,5217,6607,meneertje6607,DESCRIPTTwat Hello Two Hello Two TwoDESCRIPT,194172,240106,9167,5581479,19,FALSE,,,@meneertje6607
Message Twit Twit Bye Message Message,1919519798,NL,US,7486,9732,4151,meneertje4151,DESCRIPTBye Hello Hello Twit Twat HelloDESCRIPT,845841,138315,6132,9584517,10,FALSE,,,@meneertje4151
Bye Twit Twit Hello Hello Message,1919516651,EN,BE,3801,7501,4198,meneertje4198,DESCRIPTTwo Hello Message Message Twat TwoDESCRIPT,138576,820691,9763,4370072,13,TRUE,,,@meneertje4198
Bye Message Bye Twat Message Two,1919515655,EN,BE,6280,4473,5805,meneertje5805,DESCRIPTHello Twat Message Hello Two ByeDESCRIPT,666034,305530,157,8626731,1,TRUE,,,@meneertje5805
Twit Message Hello Message Message Message,1919514554,TR,DL,3822,2574,2359,meneertje2359,DESCRIPTBye Twit Message Twit Twit TwoDESCRIPT,583532,892694,448,7702976,20,FALSE,,,@meneertje2359
Hello Hello Message Message Twat Message,1919512875,EN,DL,212,7805,1765,meneertje1765,DESCRIPTMessage Two Hello Two Twat TwitDESCRIPT,250590,177603,4624,4150939,5,TRUE,,,@meneertje1765
Hello Bye Bye Twat Hello Bye,1919511440,NL,US,3,2648,1246,meneertje1246,DESCRIPTTwat Twat Two Twit Two TwoDESCRIPT,733700,296313,5110,8694458,1,TRUE,,,@meneertje1246
Hello Hello Message Twat Message Bye,1919516011,TR,BE,3804,5976,8399,meneertje8399,DESCRIPTTwit Hello Bye Two Two TwatDESCRIPT,396597,227081,7679,9140364,10,TRUE,,,@meneertje8399
Two Twat Two Hello Message Two,1919513300,NL,US,4574,6609,2902,meneertje2902,DESCRIPTTwo Two Message Message Hello MessageDESCRIPT,762473,404725,4174,483644,8,TRUE,,,@meneertje2902
Hello Twat Two Twit Twat Hello,1919515318,EN,US,5957,7756,3180,meneertje3180,DESCRIPTMessage Twat Two Two Bye MessageDESCRIPT,332207,177479,451,1224540,5,FALSE,,,@meneertje3180
Two Twat Hello Hello Hello Bye,1919512549,NL,US,5130,5272,5384,meneertje5384,DESCRIPTMessage Twat Message Bye Twit ByeDESCRIPT,545716,56824,4818,900360,9,FALSE,,,@meneertje5384
Message Two Hello Twit Twit Twat,1919515439,TR,BE,5643,6840,7273,meneertje7273,DESCRIPTMessage Message Bye Hello Twit ByeDESCRIPT,554172,176175,3780,7395751,11,FALSE,,,@meneertje7273
Twat Bye Message Twit Message Two,1919515404,NL,US,5969,1853,3070,meneertje3070,DESCRIPTMessage Message Hello Message Twat ByeDESCRIPT,11666,549997,3355,6136775,19,FALSE,,,@meneertje3070
Twat Hello Message Twit Twit Message,1919518617,TR,BE,5730,1895,290,meneertje290,DESCRIPTTwat Two Twat Bye Two ByeDESCRIPT,995144,274580,1263,9192178,20,FALSE,,,@meneertje290
Bye Bye Twit Two Twit Hello,1919512262,NL,DL,4093,8529,9808,meneertje9808,DESCRIPTTwat Twat Hello Twat Bye TwitDESCRIPT,177244,967833,8057,1593212,6,FALSE,,,@meneertje9808
Twit Two Two Hello Message Bye,1919514447,TR,US,7191,1707,3374,meneertje3374,DESCRIPTTwat Message Hello Hello Twit MessageDESCRIPT,238404,865800,5603,1554532,7,FALSE,,,@meneertje3374
Twit Hello Message Twat Two Hello,1919516523,TR,US,5093,8812,1608,meneertje1608,DESCRIPTTwit Two Bye Bye Message ByeDESCRIPT,993626,812009,553,6208706,10,FALSE,,,@meneertje1608
Bye Twit Twat Twit Hello Two,1919517307,NL,US,605,558,9157,meneertje9157,DESCRIPTHello Hello Twat Two Message TwatDESCRIPT,535312,155364,9151,4618461,10,FALSE,,,@meneertje9157
Message Twat Hello Message Message Two,1919519453,TR,DL,5759,7454,3761,meneertje3761,DESCRIPTMessage Bye Twat Hello Twit TwitDESCRIPT,186410,897069,7757,6020342,3,FALSE,,,@meneertje3761
Twit Message Two Twit Twat Twat,1919513016,EN,US,6247,8864,246,meneertje246,DESCRIPTBye Twat Twit Bye Bye TwitDESCRIPT,367615,90877,924,8044705,6,TRUE,,,@meneertje246
Two Message Twit Message Bye Two,1919519864,EN,DL,7892,6624,7527,meneertje7527,DESCRIPTTwo Bye Twit Message Twat ByeDESCRIPT,790308,895819,1856,5457517,8,FALSE,,,@meneertje7527
Two Message Hello Twat Message Hello,1919514877,TR,DL,2462,1353,3209,meneertje3209,DESCRIPTTwit Bye Hello Twat Hello TwatDESCRIPT,622569,410320,1307,9080209,2,TRUE,,,@meneertje3209
Bye Two Two Bye Twat Message,1919510567,EN,BE,6060,4642,3461,meneertje3461,DESCRIPTTwo Twat Bye Hello Twat HelloDESCRIPT,940953,23789,6110,3701926,15,FALSE,,,@meneertje3461
Twat Two Twit Bye Bye Twit,1919516865,EN,US,9102,2374,5435,meneertje5435,DESCRIPTTwo Hello Message Message Twit TwatDESCRIPT,786052,372360,8806,3782907,5,FALSE,,,@meneertje5435
Twit Message Bye Message Twit Bye,1919518728,TR,DL,889,1784,6733,meneertje6733,DESCRIPTTwit Twat Two Twit Message MessageDESCRIPT,297648,936554,9589,4067156,12,TRUE,,,@meneertje6733
Twat Bye Hello Twit Twat Two,1919517962,TR,US,7995,6669,1903,meneertje1903,DESCRIPTTwit Message Hello Message Message ByeDESCRIPT,721768,94732,2279,8034070,20,FALSE,,,@meneertje1903
Bye Twit Two Two Hello Twit,1919511057,EN,US,6641,912,6069,meneertje6069,DESCRIPTTwit Hello Twit Twit Twat ByeDESCRIPT,684404,955782,9831,5861920,17,FALSE,,,@meneertje6069
Hello Two Bye Two Bye Twit,1919518542,NL,BE,5126,9761,2528,meneertje2528,DESCRIPTTwit Message Bye Two Hello TwitDESCRIPT,229976,593741,8267,4176027,4,TRUE,,,@meneertje2528
Bye Message Message Hello Hello Twat,1919514930,TR,US,7708,949,7743,meneertje7743,DESCRIPTTwit Hello Bye Twit Twat TwoDESCRIPT,751962,210460,2966,5597527,12,FALSE,,,@meneertje7743
